event_id,title,category,location,is_free
09b1058188348630d98a08e0,Event Title 1,tech,Bahir Dar,True
408f66def075926baea9466e,Event Title 2,art,Mekelle,False
76f744e0c2379cc117cbe775,Event Title 3,art,Bahir Dar,True
8b6ba5fc5af52f8b742e2bb7,Event Title 4,sports,Hawassa,True
3292f6cb599e98e18e0664dc,Event Title 5,education,Bahir Dar,False
51823bd67c7729769ecfadad,Event Title 6,tech,Bahir Dar,False
bb881c09c72e0d003ec01b5f,Event Title 7,art,Mekelle,True
1f0a3f9653ca2678505c2d13,Event Title 8,art,Bahir Dar,True
da6b4f52f7c1834bd745913e,Event Title 9,education,Addis Ababa,False
83c5d28bae3548db1d9c16b2,Event Title 10,education,Addis Ababa,True
3eca197b112c5ebcdd6e50f9,Event Title 11,art,Mekelle,False
7869a7880ebadaf6a7f9f992,Event Title 12,music,Addis Ababa,True
9382b80e5294ad977c03f722,Event Title 13,sports,Bahir Dar,False
b831e9b8edf0dbb605307e41,Event Title 14,art,Bahir Dar,True
c8ab2eb6b8ac6288e9523277,Event Title 15,education,Addis Ababa,False
abddabc7a8d929d3c795ca10,Event Title 16,music,Hawassa,True
62b28eb922a79e95635c297e,Event Title 17,education,Addis Ababa,True
79a09ecb26d609cecacd8236,Event Title 18,tech,Bahir Dar,True
87242a51d6b512dd4ec17d09,Event Title 19,education,Mekelle,False
51d06a96c96e67bd71b71d13,Event Title 20,tech,Bahir Dar,True
cb57e7ba4b4355df59730ad4,Event Title 21,music,Hawassa,True
26beff2402e37057c6237188,Event Title 22,tech,Bahir Dar,False
7c6a27fc3c8341c8e3fe6310,Event Title 23,education,Hawassa,True
cf9a9ce03dd09798ce18b97d,Event Title 24,education,Addis Ababa,True
cb69a13e8c9982ee331beb6b,Event Title 25,music,Addis Ababa,False
283387f8b7930fc2225ed051,Event Title 26,art,Hawassa,False
cc244ce1413726a66da899fc,Event Title 27,education,Addis Ababa,False
afbc6fdb2bc8a05ca85ed013,Event Title 28,art,Mekelle,True
53cdb8e71ab6222294fd20e6,Event Title 29,tech,Addis Ababa,True
762fb87410dc57d72623be6a,Event Title 30,art,Mekelle,True
06c4ae51c0e6df5975bf9d01,Event Title 31,education,Hawassa,False
43fa52af8500e2faaf83d75e,Event Title 32,tech,Bahir Dar,True
8dcceb263351ab1885e8ecc3,Event Title 33,sports,Addis Ababa,False
1cabbd4c86fed3061ac9eb42,Event Title 34,education,Hawassa,False
a6c438eecad12d90f9f0dfeb,Event Title 35,art,Bahir Dar,False
22ca22ef638c2f8b60467ce9,Event Title 36,art,Mekelle,True
4af6859a2317ecd42f27db1f,Event Title 37,art,Addis Ababa,True
9193c6a77939daf3076cdd3e,Event Title 38,art,Hawassa,True
257eca7c199ee932c2d395ac,Event Title 39,sports,Bahir Dar,False
416da05c17ae131599394cf9,Event Title 40,art,Addis Ababa,False
822b384b1d26bcdf7490e927,Event Title 41,music,Bahir Dar,False
8e0695a9db61bd374a7d2f34,Event Title 42,art,Hawassa,True
f9657f0f66bba47f9fe3e171,Event Title 43,music,Mekelle,True
56fe2b9519018b4c98730f96,Event Title 44,tech,Mekelle,True
e9b2d04ca6c5493bb75c2bac,Event Title 45,sports,Addis Ababa,False
dd2cfd7129035a43ea95331e,Event Title 46,education,Mekelle,False
d08b124acc526365bce2a0d3,Event Title 47,music,Addis Ababa,False
51d1e3c5709d717719458909,Event Title 48,art,Mekelle,True
6f0634544a86c0a5cae12512,Event Title 49,music,Mekelle,True
bea2d72058acff5966d0f5fd,Event Title 50,sports,Hawassa,False
bfe986a5d08407bdadf7a1d7,Event Title 51,sports,Mekelle,False
129065f279993a1d401f3ad9,Event Title 52,sports,Mekelle,True
60fbce8ccb954954f415256b,Event Title 53,tech,Addis Ababa,True
821db9868ee60a89a4fcebed,Event Title 54,sports,Hawassa,False
04cc541a042bf7d4c52a1d69,Event Title 55,art,Addis Ababa,True
dd8d71e7ed4713dd604d0491,Event Title 56,art,Mekelle,False
8b459d74bdf2b7e2b7ab6cb4,Event Title 57,sports,Addis Ababa,True
a08feb7d4597c20caa7f743a,Event Title 58,music,Mekelle,False
583dd5d1086b9d8c4ab7314e,Event Title 59,tech,Addis Ababa,False
294758b9cf3a36639485ee02,Event Title 60,education,Hawassa,False
ce15aa770eb225d9a18103e2,Event Title 61,tech,Bahir Dar,False
61372e9989523f24017b9980,Event Title 62,music,Hawassa,True
9de91ba4dc22dcfabc3232be,Event Title 63,art,Addis Ababa,True
99a9039ac1448dcf58b178cf,Event Title 64,art,Addis Ababa,True
130f08f913e00bf46fbe15cc,Event Title 65,education,Bahir Dar,False
79a1d9dc97fd24d67f9a34aa,Event Title 66,sports,Addis Ababa,False
2db2ec635763ab414b6f9b16,Event Title 67,education,Mekelle,True
0d4243a4a4612d90b1f191a4,Event Title 68,education,Addis Ababa,False
80fc1c1edc510b03871c869c,Event Title 69,art,Bahir Dar,False
065d7866f7da93194b2a3a7b,Event Title 70,sports,Hawassa,True
bb13a6662425c78a9e6c47bf,Event Title 71,sports,Bahir Dar,False
e56e82620306c73919199dea,Event Title 72,music,Addis Ababa,False
c6d1e55d55f964fdedd69dd2,Event Title 73,music,Mekelle,False
9a65558e9bb074c0b318131a,Event Title 74,music,Mekelle,True
d708b622daa34307311f9ef2,Event Title 75,education,Mekelle,True
4f5de1c6bac9552731ec8c41,Event Title 76,tech,Hawassa,False
2de57776fb20432b93c3d9e3,Event Title 77,education,Addis Ababa,False
8ca3dd0ebdfea6cc111bc9d2,Event Title 78,art,Hawassa,False
3c026dacade1f3510914900d,Event Title 79,music,Addis Ababa,False
1e2b633bb4590bb25423e165,Event Title 80,sports,Addis Ababa,False
b0874bc37fb5aa3ace054c6b,Event Title 81,education,Addis Ababa,True
3aca89ae85db34a39ae757cf,Event Title 82,tech,Hawassa,False
b8e7f2e7391122e83bbfff3d,Event Title 83,art,Mekelle,False
544f9f78d3807a2afe9204d3,Event Title 84,music,Hawassa,True
9028fdd46beaa3fb9ca4d89c,Event Title 85,sports,Bahir Dar,False
8f7ff955514b2f17f27fb9a3,Event Title 86,sports,Mekelle,True
e262f7360056c49d759ea342,Event Title 87,music,Mekelle,True
2471550b0b7cb4753ff3c420,Event Title 88,music,Mekelle,True
507cb131a7e9a6d1e5a1dedd,Event Title 89,tech,Addis Ababa,False
3d1f0c4d3333d38c478b672a,Event Title 90,music,Hawassa,False
7a3df6ca4e33bd57ec7bc770,Event Title 91,art,Mekelle,False
daa703797d033c633976538d,Event Title 92,education,Hawassa,True
81f7b7a826482ccee9a55f4e,Event Title 93,music,Bahir Dar,True
6f1b691452b2783e2d0527bf,Event Title 94,tech,Addis Ababa,True
3c2c4b8d24fc038d1ddc55c9,Event Title 95,music,Mekelle,False
e64751fb683c4727d14018e5,Event Title 96,art,Mekelle,True
18d7f6c50c4aa2e9493f36f9,Event Title 97,tech,Mekelle,False
a6a1bd9cc872095d9f362ec5,Event Title 98,music,Addis Ababa,False
a59a1d8a721311f3a5e35a19,Event Title 99,sports,Hawassa,False
17676ab05019959df294f5f4,Event Title 100,art,Mekelle,False
385ba227cf83efa6826a670e,Event Title 101,sports,Hawassa,True
b9c1734fca3dca4ff6a10586,Event Title 102,education,Addis Ababa,True
56f3239173f73e3917c856c2,Event Title 103,tech,Bahir Dar,False
52a1c6142776113d246fcfac,Event Title 104,tech,Bahir Dar,False
84890960704379ab9a7f2fa3,Event Title 105,art,Bahir Dar,True
4b31ef7aef2672db9ce97eb3,Event Title 106,education,Addis Ababa,False
1b385dd37fc744904283ef33,Event Title 107,music,Hawassa,False
33fa4014eeca59b7970d07d3,Event Title 108,art,Mekelle,False
b3703d29055097ba64c55d50,Event Title 109,tech,Hawassa,False
dcf2c55d7a1920d242a34734,Event Title 110,tech,Addis Ababa,False
b54608abad52b1b9ce7e7146,Event Title 111,sports,Hawassa,False
325c46526f1a6c5927558c26,Event Title 112,tech,Mekelle,True
728ed036533273143de1b319,Event Title 113,education,Hawassa,False
e921d35fb9f1befbcfa78a24,Event Title 114,education,Hawassa,True
9d9f43aa52de04969474e4e5,Event Title 115,sports,Addis Ababa,False
1d2ad15608174475a725ccb7,Event Title 116,sports,Addis Ababa,True
01763a06d757eb4059ced99f,Event Title 117,tech,Mekelle,True
de1895f8c99658a7b56269d0,Event Title 118,education,Hawassa,True
9ae2e9505ae3abedd2445add,Event Title 119,education,Bahir Dar,True
38802d3de531e145dcb70106,Event Title 120,tech,Addis Ababa,True
110ce6858563d4445dda6cf0,Event Title 121,music,Addis Ababa,False
7ffb36c3264836da523f0a4f,Event Title 122,education,Hawassa,False
9ea789f90df8d57c5f4ccac4,Event Title 123,art,Addis Ababa,True
a1e3a4fc7fe0670955c8b6aa,Event Title 124,tech,Addis Ababa,True
394bcd96913dcb3207cda9e2,Event Title 125,art,Bahir Dar,True
32dd909ca3f967e2e23f1020,Event Title 126,art,Addis Ababa,False
b1596fc44c30b90cbc6a96c0,Event Title 127,sports,Mekelle,True
9e4e48d3180e0756b71ad312,Event Title 128,sports,Mekelle,False
0a7749c9f3df9e7a40500695,Event Title 129,tech,Bahir Dar,False
b32adf071c1298f461a46984,Event Title 130,tech,Bahir Dar,True
f82c5af50ccc1bf024251cbf,Event Title 131,tech,Bahir Dar,True
bc4579d1d98445eaf8334403,Event Title 132,sports,Bahir Dar,False
c6637ff0ca4d3fbdd93308f7,Event Title 133,education,Addis Ababa,True
c8eb079a368d6d98886f9d59,Event Title 134,music,Mekelle,False
3b40744765a505dc5ffd6f04,Event Title 135,education,Mekelle,True
fcc4c3f22f8d41f7ddb4a51e,Event Title 136,tech,Bahir Dar,False
220735285179889f78cc96a5,Event Title 137,art,Hawassa,False
34308ed8f06263c4485277ec,Event Title 138,education,Mekelle,False
5bf682ba37b558aecdb51523,Event Title 139,education,Hawassa,True
f847c45395d663111839d637,Event Title 140,sports,Hawassa,True
98cf1c04975beb1cb4e99629,Event Title 141,sports,Hawassa,False
a29b2e680301e87e43b9b115,Event Title 142,sports,Hawassa,False
dbd8c81e9512b783efb207f4,Event Title 143,education,Hawassa,True
8ecb9fa2f6b59424a375f2e4,Event Title 144,sports,Hawassa,True
c61367f390a50afb9efe94ac,Event Title 145,sports,Bahir Dar,True
663e3a6e8bdc50e79cd0dd8e,Event Title 146,tech,Hawassa,True
0b584dab3282cddb424417dd,Event Title 147,sports,Hawassa,False
02e4a5915b0a81ac8249ba9e,Event Title 148,art,Bahir Dar,True
4c3c339aca0710c2ea00a404,Event Title 149,education,Addis Ababa,True
684e37af081c496cfb52be7a,Event Title 150,art,Mekelle,False
a62ab64cd2e79ce9e2f5cf43,Event Title 151,tech,Bahir Dar,False
c152a6787679f023e35853aa,Event Title 152,art,Addis Ababa,False
6ca92eb836ab76c06629f947,Event Title 153,sports,Bahir Dar,False
36e2829c7c214b169b66171b,Event Title 154,tech,Addis Ababa,True
2a630e2bcbca54e68928fce5,Event Title 155,art,Addis Ababa,True
452804744ae4cd638481050b,Event Title 156,tech,Hawassa,False
047ad158071fb4dc3d214faa,Event Title 157,tech,Addis Ababa,False
296f0b090318b5204d3e7a85,Event Title 158,music,Mekelle,False
0a54876e46d85bcf109bb1cd,Event Title 159,tech,Addis Ababa,True
e5fbe4ee6caca8ea1e43d491,Event Title 160,sports,Addis Ababa,True
56306d4f6d64f5bd5f1693cf,Event Title 161,art,Bahir Dar,True
6e05c93b43b3560252b653bc,Event Title 162,art,Bahir Dar,True
dd4d46810985356f11ab8a23,Event Title 163,education,Hawassa,False
e10babe58666654db6cd4569,Event Title 164,art,Hawassa,False
69bd4ffdc495fbbd73592873,Event Title 165,music,Hawassa,True
d804ccdbf3daa7b9019434f2,Event Title 166,education,Bahir Dar,False
6e69149823f69b42c207b8df,Event Title 167,tech,Mekelle,True
e4bda80a949accef02ea3a57,Event Title 168,tech,Addis Ababa,True
9d968350541396f00b2730a0,Event Title 169,art,Mekelle,False
ddfa204c70c4b3376a19eaad,Event Title 170,tech,Addis Ababa,True
22c4ea99bed69154c383ada6,Event Title 171,music,Bahir Dar,True
ac04481532bb488ea88ca190,Event Title 172,sports,Hawassa,True
16db646048eff66c3465fbbf,Event Title 173,sports,Addis Ababa,True
ee2633a8d2afed8a7c4cee2b,Event Title 174,art,Mekelle,False
af01bc7090ba307579a7d4ba,Event Title 175,tech,Bahir Dar,True
7805d2108cb3a99e64e01dd5,Event Title 176,education,Bahir Dar,True
c93698e4e53c09c97ecdabc5,Event Title 177,sports,Addis Ababa,False
1a40ec5db00f7a81b3da33f8,Event Title 178,sports,Mekelle,True
f4cdd59662a1b8b0641ce71f,Event Title 179,tech,Mekelle,False
ee1220be40e45fa9bf9d2cc6,Event Title 180,music,Hawassa,False
664531ae9c246897b1c326dc,Event Title 181,tech,Hawassa,False
fa7cc4bd055a59e488e37049,Event Title 182,tech,Bahir Dar,False
074cbbbdb5269ed7b10d2a7e,Event Title 183,education,Bahir Dar,True
ddad55aae6d9821acfe18747,Event Title 184,tech,Bahir Dar,True
c9902e0f61f39d1a1565f777,Event Title 185,sports,Bahir Dar,False
e89060cef6326474bd3d8b21,Event Title 186,music,Mekelle,False
51d77fda27e3f126390ad617,Event Title 187,art,Addis Ababa,True
95defecaabb11261bcb8592f,Event Title 188,tech,Addis Ababa,True
3d6650486cd30a4e392e6997,Event Title 189,education,Mekelle,True
2e0330c7e041f22b6dd08e13,Event Title 190,sports,Bahir Dar,False
da65a1a3da33851d5f89867d,Event Title 191,tech,Mekelle,False
d1e62597521dd2d7c56fa9b5,Event Title 192,art,Mekelle,False
03a0244ce8e4e7cd0dc64d47,Event Title 193,sports,Bahir Dar,False
1f067ef1b2db1abd61a5f55c,Event Title 194,art,Mekelle,True
0fb85d3f3476255029e7c502,Event Title 195,education,Bahir Dar,True
ee9e1f84e86f51585ddd15ab,Event Title 196,music,Mekelle,False
523ff20e5898e4ca53881e7e,Event Title 197,art,Bahir Dar,True
dda935ca4dd761ce15f8495e,Event Title 198,tech,Addis Ababa,False
5cdb1c0856dd8cdefdc25a4e,Event Title 199,music,Mekelle,True
ff2ca441363ab383052cd496,Event Title 200,art,Mekelle,False
20ad7ffc31b39985b1da4be5,Event Title 201,education,Mekelle,False
edb010415aff94ba089f880b,Event Title 202,education,Bahir Dar,False
3ef1e75a45590f5e63c39d0e,Event Title 203,education,Bahir Dar,False
351f68d81ef1bdf02f391c04,Event Title 204,sports,Addis Ababa,False
f5939ca26446e61a01db1836,Event Title 205,education,Hawassa,False
7e9975d743eb1099640bfaec,Event Title 206,sports,Addis Ababa,False
1b84d02196ed2d877d1ffe98,Event Title 207,music,Hawassa,False
b977020ca9aed17e321de06b,Event Title 208,art,Bahir Dar,False
a9ca56c181fbbaffb2190b91,Event Title 209,education,Mekelle,True
6431d603fa94d3e48270ae7d,Event Title 210,tech,Hawassa,False
52ed8ef3ba27072f0756dd56,Event Title 211,music,Hawassa,False
6ea93c49e99e432abcc853b6,Event Title 212,education,Addis Ababa,True
85aff5dd9763879f063a1787,Event Title 213,sports,Mekelle,False
27d4a557f9d5fac58a7d1ffc,Event Title 214,music,Mekelle,False
71daeff0dac490e859673edb,Event Title 215,education,Addis Ababa,True
e4dd5deef4baa45fd0899b10,Event Title 216,sports,Addis Ababa,True
072816a3fe8f53b9c6050a80,Event Title 217,tech,Mekelle,False
6249f5880734c2ff010261a5,Event Title 218,sports,Mekelle,True
4b64c2a4894992bd0dd91dc1,Event Title 219,music,Bahir Dar,False
ad73ed6c0d1c842b5774fc9a,Event Title 220,sports,Mekelle,True
cab02e830e1b3ca8e4347f97,Event Title 221,art,Mekelle,True
19bf3f3e60b3e65bf2fd13e1,Event Title 222,tech,Hawassa,True
7b6f29260bc146cd7c2421da,Event Title 223,tech,Mekelle,True
791ca5de6014e75dc1838112,Event Title 224,music,Hawassa,True
03426f72f01b7555a07a1c8e,Event Title 225,sports,Bahir Dar,False
bbb63edd0e8a062915acc84d,Event Title 226,music,Mekelle,True
af9dbe85373240da729a60a1,Event Title 227,sports,Hawassa,False
f4b7f7ef8cd511301c175176,Event Title 228,music,Addis Ababa,True
188451a3689425379cf73e90,Event Title 229,education,Addis Ababa,False
8b7412c91ef23c12fb4da1be,Event Title 230,sports,Mekelle,False
11735ee52306a575d37d9fbf,Event Title 231,music,Addis Ababa,False
0681a1ab238fda5ea29ab58f,Event Title 232,education,Addis Ababa,False
831e4c9647380d3a7fc645ed,Event Title 233,music,Bahir Dar,False
5ed82ebe28582d183c691c1a,Event Title 234,education,Mekelle,False
7c7f5cae9da587bed293b44b,Event Title 235,tech,Mekelle,True
7c8c66f0ce6599323c9bd2d4,Event Title 236,sports,Hawassa,True
3c53422bd43236c971e23c9b,Event Title 237,education,Mekelle,True
b700c1bf12e1a9f655c24d29,Event Title 238,tech,Mekelle,True
ea6dc26096f64dff7b3521bd,Event Title 239,tech,Bahir Dar,True
ffff5fa490b2c5661547ed09,Event Title 240,education,Mekelle,True
b12e5e409c39291903adfdb5,Event Title 241,tech,Bahir Dar,True
5545739861196b2bbbd0bd12,Event Title 242,education,Bahir Dar,True
15325df9b96d38a22b54e9c9,Event Title 243,education,Mekelle,True
d919f30f6a6c6d44561289e2,Event Title 244,sports,Hawassa,True
0d26bcb3700d5807d8498312,Event Title 245,sports,Mekelle,True
7224d9a2277b51ea53bd6fd7,Event Title 246,tech,Mekelle,True
8ef0973a78e5e9ef72d9cd56,Event Title 247,music,Mekelle,True
72389135e7dac732756c2672,Event Title 248,sports,Hawassa,True
81b406b84ae39759db6f9910,Event Title 249,sports,Hawassa,True
7406aff319e520d2363d19b2,Event Title 250,art,Addis Ababa,True
f4479d2fd3ce2d0bf320a4c2,Event Title 251,education,Hawassa,True
80144aeb5dd5fa46b364cf9e,Event Title 252,music,Bahir Dar,True
2ad10ef6d6eb76ba89fbf505,Event Title 253,art,Addis Ababa,False
243af6103bae186fe0870869,Event Title 254,tech,Hawassa,False
cc17849554b8b09abf00878f,Event Title 255,tech,Addis Ababa,True
871add792c297d94ec579d97,Event Title 256,music,Hawassa,True
3f29e7f30a27fd6bf95963ee,Event Title 257,sports,Mekelle,True
3b1779d9c5b169d799115c9c,Event Title 258,sports,Addis Ababa,True
930f3e96f293a77e08a363e4,Event Title 259,art,Hawassa,True
5d5960e40ef27899d31415ea,Event Title 260,tech,Mekelle,True
fff505d334e4ff4216ded16d,Event Title 261,tech,Hawassa,True
f1bb47d10a022af8f59d6320,Event Title 262,sports,Addis Ababa,True
668922c4c03bd3abda07c30e,Event Title 263,music,Bahir Dar,True
72739a2428e6038c838f484d,Event Title 264,art,Mekelle,True
6298a2671aa5f1b270721f79,Event Title 265,education,Addis Ababa,False
2cc4ef299c012e291369707a,Event Title 266,music,Mekelle,True
94b29c2719f4aace2bdfcb43,Event Title 267,education,Bahir Dar,False
5d52724ba6ea1bbbba24da32,Event Title 268,education,Addis Ababa,True
50c2e4880812284e078bad9a,Event Title 269,art,Bahir Dar,True
52b63227e4b55b0a21eaae08,Event Title 270,education,Hawassa,True
96da4f1bb07c08e92a258880,Event Title 271,music,Mekelle,True
c6aeef285d8d5a876df648e8,Event Title 272,sports,Mekelle,True
74c05e3b5ae895854704968f,Event Title 273,sports,Addis Ababa,True
8b307ea01c815420ad9e7e53,Event Title 274,sports,Bahir Dar,True
f89f757baefd90b0ad23bb01,Event Title 275,art,Addis Ababa,True
f5b8936daf6b412d476ef2fe,Event Title 276,tech,Hawassa,True
b49691dd3a35250cb1c751ad,Event Title 277,tech,Addis Ababa,False
c56f6468d9ccf3f9ac6b0076,Event Title 278,education,Bahir Dar,False
b2d49f17a3c2433ebe37ee57,Event Title 279,art,Bahir Dar,False
648d90ec39c2d8983e60630e,Event Title 280,music,Mekelle,False
a8c9dea0d2cb94117325e74d,Event Title 281,education,Mekelle,True
87faca7d34b90b1eb8ec955f,Event Title 282,music,Hawassa,False
bcef66aecd8fa5918caddad1,Event Title 283,education,Hawassa,False
5f8b60bc8cbb807652eb21fc,Event Title 284,sports,Mekelle,True
5ad6e84a9d46f63ebeecfc6d,Event Title 285,art,Bahir Dar,False
3e7af6bbd0dbe0fff7c64abc,Event Title 286,music,Hawassa,False
a4bc978b187dffec5d55c0d9,Event Title 287,education,Bahir Dar,True
d00f1271116dc081c4de38fe,Event Title 288,art,Hawassa,False
46d20b9bda5023421f17b27f,Event Title 289,music,Bahir Dar,True
53981ecfa50c9970e0e5d6f5,Event Title 290,art,Addis Ababa,True
fa43f436ee69073b37019472,Event Title 291,education,Bahir Dar,False
20038f6706e428476635046a,Event Title 292,sports,Addis Ababa,False
b58163447e17ca429e946d67,Event Title 293,education,Mekelle,False
8302d69494c94d214eaf82b3,Event Title 294,education,Hawassa,False
132bbc0ed55124677fc47f05,Event Title 295,art,Bahir Dar,True
dabf6a2aacec740f37a3618e,Event Title 296,tech,Mekelle,True
2826ce96844e38b73a332de6,Event Title 297,music,Mekelle,False
30dc04e631817807f6414e7e,Event Title 298,art,Addis Ababa,True
67a2717cbe0baaf53aa9af4e,Event Title 299,art,Mekelle,False
32191cff8194cc65068ad655,Event Title 300,tech,Hawassa,True
ac1f576d2507601aec3790a5,Event Title 301,tech,Hawassa,True
e71a4ada6a77c763be27f720,Event Title 302,tech,Hawassa,True
16b7dfbab11263b95bd574d4,Event Title 303,art,Addis Ababa,False
370a1729176e5c6a91e9f3f8,Event Title 304,art,Addis Ababa,True
b82b0bc78222f4e579becd5e,Event Title 305,sports,Mekelle,False
536770c2678c10122d486357,Event Title 306,art,Mekelle,True
9f647c893cbcb2673a04011a,Event Title 307,music,Addis Ababa,False
a52ddef76c0318cd65f1d08a,Event Title 308,sports,Bahir Dar,True
4fe366a557bc52854b368cd2,Event Title 309,art,Hawassa,True
1b95fd76961a9852827af0da,Event Title 310,tech,Bahir Dar,True
3cf5413231862cad7ed9f480,Event Title 311,music,Bahir Dar,False
c2b6603801fcbdbf38432988,Event Title 312,music,Mekelle,False
342e91661c0644325e9db21d,Event Title 313,tech,Mekelle,False
598ad73830de45bd45fd76f5,Event Title 314,tech,Hawassa,True
b617bc828a26d399d4a7afa9,Event Title 315,education,Hawassa,True
351e76d92d95a05507952bbb,Event Title 316,art,Hawassa,False
105ab79af9204a8dc8cd17cf,Event Title 317,education,Bahir Dar,True
41f4551ad805a1434b307e59,Event Title 318,education,Addis Ababa,False
5fd9d0030aad99e5aba97b1f,Event Title 319,sports,Addis Ababa,True
77b7f9829cf36c82240eb67f,Event Title 320,music,Addis Ababa,True
9d5289748af06a8605e14a8b,Event Title 321,art,Mekelle,False
1a31babff75492f2b4177281,Event Title 322,music,Hawassa,True
325a2e5f2f3e0c921bb84f41,Event Title 323,art,Hawassa,False
f213cfa8d25ea3d5db91deee,Event Title 324,art,Bahir Dar,True
d39056ba17e7277edc746a85,Event Title 325,art,Mekelle,True
2065bf3cb547ca6892a392de,Event Title 326,art,Mekelle,True
7f5f9c6d3b395aae9514a977,Event Title 327,tech,Bahir Dar,True
e06a2ce641fa068545db1d7c,Event Title 328,tech,Hawassa,False
5fce02a976786f8c23c6e916,Event Title 329,tech,Bahir Dar,False
f47eaf997787f56f4380501f,Event Title 330,education,Hawassa,True
c64043f4b8e512f66eb3441c,Event Title 331,art,Addis Ababa,False
f429ab45a642cfba5fcfc0fa,Event Title 332,music,Mekelle,False
24460be9aab8ad3107a756b0,Event Title 333,tech,Hawassa,False
ec2f2055e1df8342940fbed3,Event Title 334,music,Bahir Dar,True
fec459f7b99414ea952b9f12,Event Title 335,art,Bahir Dar,True
a6db913ca701b3b4720a6306,Event Title 336,education,Mekelle,True
f33834cd29027b9fe7b20592,Event Title 337,tech,Bahir Dar,False
5bfbcc8d1b3514c1b0ba2939,Event Title 338,tech,Bahir Dar,False
c92cc59fa244389426752360,Event Title 339,art,Mekelle,False
e3b3db2dcc8665f401f3bfa6,Event Title 340,music,Mekelle,True
6499b6b29cd2000622c2259a,Event Title 341,education,Hawassa,False
1a4d2d30dc5cd4cd78120f90,Event Title 342,tech,Mekelle,True
fbe6da9d08fd492af91bdbb2,Event Title 343,art,Addis Ababa,False
33ff5eeea4e769136d068a1e,Event Title 344,music,Hawassa,True
dc81d77e7ee2119caafb654b,Event Title 345,sports,Bahir Dar,True
ccd9b1571ae33f48e40d4ee0,Event Title 346,tech,Addis Ababa,False
d55184b10873542138fd3b45,Event Title 347,music,Hawassa,False
f3aaaf28ed7bebfb0c460890,Event Title 348,art,Mekelle,False
7f26a0c47fc5bb0ae5abc4ed,Event Title 349,sports,Bahir Dar,False
ad42a90a719a912ce5279433,Event Title 350,education,Bahir Dar,False
d04c9ab7010ab3d30aeb9208,Event Title 351,education,Bahir Dar,False
e53f3a268c3d0646add4cbe0,Event Title 352,art,Bahir Dar,False
a73b618efcf6ecdd6fd4282b,Event Title 353,tech,Mekelle,True
d5617a79fae8d6f76e7c7715,Event Title 354,art,Hawassa,True
5b2a5ec7a8a48770bded734a,Event Title 355,education,Hawassa,True
d7fe8d02127613d1cf897698,Event Title 356,sports,Hawassa,True
f3ea6bcdab3f93ecf2d7fc8f,Event Title 357,tech,Mekelle,True
690c7e065cb1eb9d4df7d949,Event Title 358,education,Mekelle,True
40b58596bce695cd71245838,Event Title 359,sports,Addis Ababa,True
eb9fa92ffe37bbf90d7611cf,Event Title 360,art,Addis Ababa,True
687363ddc1fc12cb73e89207,Event Title 361,art,Hawassa,True
d52bd73f2dd34c5703188d66,Event Title 362,education,Addis Ababa,False
d8a28648549fb86333005455,Event Title 363,art,Addis Ababa,True
fb930e9061445faf0ab583e1,Event Title 364,art,Bahir Dar,False
f868f80265e41a5d3cc160cc,Event Title 365,sports,Bahir Dar,True
bbd8c864cedd5ec5a7d47e92,Event Title 366,art,Addis Ababa,False
dc8d0c330601aa3652fc503b,Event Title 367,sports,Hawassa,True
efa6d474977f1747e016e29c,Event Title 368,art,Hawassa,False
616ae94b4786882217af2063,Event Title 369,music,Hawassa,False
4a6d5486cb723b620ce60726,Event Title 370,sports,Mekelle,True
e00467306e884881ff9af10e,Event Title 371,sports,Addis Ababa,False
7e9c0d8161f41d226de23347,Event Title 372,sports,Bahir Dar,True
38b903797b15aa8992b45dfb,Event Title 373,education,Hawassa,False
43d063c12f4a4a8796cdca28,Event Title 374,art,Addis Ababa,True
2945bf64739fa01846392d5c,Event Title 375,education,Addis Ababa,False
d036d04498ab815d930166da,Event Title 376,tech,Bahir Dar,False
60b7ed7c79284d2bc27d36e8,Event Title 377,tech,Addis Ababa,True
1704e46c424c00379ce3835e,Event Title 378,art,Hawassa,False
2d30e9612c7cfddca210afdd,Event Title 379,art,Mekelle,False
d8f5b98f26721014c7337056,Event Title 380,sports,Hawassa,False
fbfb0e0a1bbd6a4fcdcac3bb,Event Title 381,tech,Bahir Dar,True
faa3be48fa09c30ab4ba5ece,Event Title 382,art,Addis Ababa,False
50f359f2a2e380fe01d0b649,Event Title 383,art,Hawassa,True
df45f21e7f83a0a187cbeb08,Event Title 384,art,Mekelle,True
6f9fa1e0387736f53e113f3d,Event Title 385,sports,Bahir Dar,True
ce528c4d4071ce95684d75e5,Event Title 386,art,Addis Ababa,False
337343a02c97d6d2e8b63320,Event Title 387,sports,Hawassa,True
ef6ad5b1d5e2cb68508f01e4,Event Title 388,sports,Addis Ababa,False
93bd6dee4632f7fffa4cfec7,Event Title 389,education,Mekelle,True
a99bd6eb380c8487bb7a8bb3,Event Title 390,art,Hawassa,False
c2da779911f22e6c698c1ff1,Event Title 391,sports,Hawassa,False
b72258a86340fd9ada459623,Event Title 392,tech,Addis Ababa,True
82025e8c8177819df6747c4c,Event Title 393,education,Addis Ababa,False
f35666fb9713ba5d6ac412f8,Event Title 394,tech,Mekelle,False
555e1189aa99efc1f2ca8e48,Event Title 395,art,Bahir Dar,False
ffd5a32347b49dc8a4672dfa,Event Title 396,music,Addis Ababa,True
5652242b0c39a28ae769c58f,Event Title 397,tech,Bahir Dar,False
7d584618286b1bf15f0620d7,Event Title 398,tech,Bahir Dar,True
bd18761733eb86527655807a,Event Title 399,sports,Addis Ababa,False
e78d291e5d90bd824828fcf8,Event Title 400,education,Hawassa,False
72dfddcfe594e66dfe73b4de,Event Title 401,tech,Addis Ababa,True
945ddb41f58fdc9aa5da3330,Event Title 402,education,Mekelle,True
e82c7cea51ed8d64bdecd55d,Event Title 403,art,Mekelle,False
f5f0448154d9651cc7a6142e,Event Title 404,education,Hawassa,True
fd25e7de8fe8536c61036f07,Event Title 405,music,Addis Ababa,False
3f9346a3f2bbc0052bb560b2,Event Title 406,tech,Addis Ababa,True
4717d34590ace9d91b66a0e5,Event Title 407,art,Addis Ababa,True
d533f2f0f326b64afae80337,Event Title 408,music,Mekelle,True
469f7a547bdf04a1cce7bac0,Event Title 409,education,Mekelle,True
b0f0de04a47f11b277f9d117,Event Title 410,sports,Bahir Dar,False
1c08668d0b9b8fc624c9295f,Event Title 411,music,Addis Ababa,True
65a32c274ed494e439b37a0e,Event Title 412,art,Hawassa,True
71564371be3dc999b8499b89,Event Title 413,education,Hawassa,False
d61a4fc35085dce3909d65e3,Event Title 414,music,Hawassa,False
c77ac4cd2a7ef905dfd7aa54,Event Title 415,education,Hawassa,False
4994c2f399d3bf9bfb426dbf,Event Title 416,education,Hawassa,False
4adcb38fedb66db3426a034e,Event Title 417,music,Addis Ababa,True
4f1aab290dc0072960d7a4de,Event Title 418,sports,Hawassa,False
f65809c0d4643b52ead5ed47,Event Title 419,music,Hawassa,True
0cacf86ffa33bd8c851d9447,Event Title 420,tech,Addis Ababa,False
0cdf76e3e97a82de180df557,Event Title 421,sports,Bahir Dar,True
002c4d2d18a74336df7165a8,Event Title 422,music,Mekelle,True
fb9467962c1c2d40c371226a,Event Title 423,music,Addis Ababa,True
1199bd54460e9d85505ab7b5,Event Title 424,sports,Hawassa,False
374191bfc967f29f232de7b9,Event Title 425,art,Hawassa,True
aada2eaa2d4aed6797375529,Event Title 426,tech,Mekelle,False
ade71812910abfc02085b724,Event Title 427,tech,Mekelle,False
62e76bf562856d901daad313,Event Title 428,education,Addis Ababa,True
41ca26c4ffc8356c994d71d4,Event Title 429,art,Bahir Dar,False
13bf78e0586eeda8c02c384a,Event Title 430,tech,Bahir Dar,False
abe6b10bb11b3dc64680cc56,Event Title 431,sports,Mekelle,False
2046427a54a807b2626807a1,Event Title 432,art,Hawassa,True
b927a29392dd7f2b46e81b45,Event Title 433,music,Addis Ababa,False
2d4a5ac679c495183a42397a,Event Title 434,art,Addis Ababa,False
c98847849dcaf92ce35d8b6e,Event Title 435,tech,Bahir Dar,False
847d90a6bde07e9933c04326,Event Title 436,tech,Hawassa,False
1807ce8536ac9ded9f48d2c1,Event Title 437,music,Mekelle,False
2b92bf75b0225950c577eba2,Event Title 438,tech,Hawassa,True
b4e8f631d6152f994f6ead21,Event Title 439,tech,Mekelle,True
8de593288098a325f1a7e578,Event Title 440,music,Addis Ababa,True
c47356ef2ec6e29e200e4acd,Event Title 441,music,Bahir Dar,True
7ff3287da3d548e438467cee,Event Title 442,sports,Hawassa,False
55d38400a2877b8637aaaacb,Event Title 443,tech,Hawassa,False
0171ff7bacf6356ce1768b48,Event Title 444,education,Mekelle,True
5b87d538e41d24e4319d0703,Event Title 445,education,Addis Ababa,True
72dd5168eb8f71f811e7a654,Event Title 446,music,Addis Ababa,True
e37a679191e0b859dcff8ade,Event Title 447,art,Mekelle,True
583bedd1873d6da71c92891b,Event Title 448,sports,Hawassa,True
2306251c20dfb4bf8170dc6d,Event Title 449,education,Bahir Dar,False
fd2ff8221de3011034d9d96f,Event Title 450,tech,Addis Ababa,False
50486a4e2bac9a9044dd28e1,Event Title 451,education,Bahir Dar,True
1c6b899be54c62bb634d80a0,Event Title 452,tech,Bahir Dar,False
c1a230414e3a14d402c32897,Event Title 453,education,Bahir Dar,True
c2820c3fbca5b9e3c28f612c,Event Title 454,music,Bahir Dar,False
84b61d42bf3f806ef395963e,Event Title 455,sports,Bahir Dar,True
b20775087f3f69657a43054e,Event Title 456,art,Bahir Dar,True
3feff380ee282c2cf3a3eb81,Event Title 457,education,Mekelle,False
d6e0793c7c3b99c31494f492,Event Title 458,sports,Addis Ababa,True
7ad724261338d38b68205c07,Event Title 459,music,Hawassa,True
180f9a3db94d1e1f81a360a1,Event Title 460,sports,Hawassa,True
9a3b10d676a871fc7ee9d7b5,Event Title 461,art,Bahir Dar,True
6d9ff9a132f76b455a2ba36c,Event Title 462,tech,Hawassa,False
da8ee4c29a8504b52a0d543c,Event Title 463,art,Hawassa,False
a5807efcbc6d92df5d4d1d08,Event Title 464,music,Bahir Dar,False
dc393df7159a98d882fefb8c,Event Title 465,music,Hawassa,False
68ebc402b2cbf700e351062d,Event Title 466,sports,Addis Ababa,False
f864a6bb68e99dd9c63b6163,Event Title 467,art,Hawassa,True
e3d95edd97efc72019c2463d,Event Title 468,tech,Addis Ababa,False
28e63a8a6e33a870f31662ae,Event Title 469,art,Addis Ababa,False
23186164946a5b8f68a15ebc,Event Title 470,music,Mekelle,False
ec12bdbb764990a923f85a7a,Event Title 471,sports,Addis Ababa,False
011eb52699cfade48af88256,Event Title 472,music,Mekelle,True
c68a6038f76bd6a002196d44,Event Title 473,art,Bahir Dar,True
3aa37f34c619f1c140e8b4cb,Event Title 474,tech,Mekelle,False
789834b64151ff240b31cb45,Event Title 475,art,Mekelle,True
6a3242a634fa97d4258fcf1d,Event Title 476,education,Hawassa,False
4334b1e14828f58878029650,Event Title 477,art,Bahir Dar,True
7362158c7ab5f843214be281,Event Title 478,music,Bahir Dar,True
9d665d7ebc0d0ab7296849cf,Event Title 479,tech,Mekelle,True
d569661f3a3cd2cd7dd7fc21,Event Title 480,tech,Mekelle,True
9548603896dca9772e892ddd,Event Title 481,art,Mekelle,True
75da15a326250155eb3019f0,Event Title 482,education,Addis Ababa,False
6125a8764ccb2a37d92c8f3d,Event Title 483,art,Hawassa,True
4d7a6b4a361d6e9142b9c532,Event Title 484,tech,Bahir Dar,True
294145ec4b975904e3eb9a5e,Event Title 485,music,Mekelle,False
f014daa70b089144c12670e3,Event Title 486,music,Mekelle,True
cc179fe4ad159a93798e612b,Event Title 487,tech,Mekelle,False
8a8f2eb537277595e82a31cc,Event Title 488,music,Mekelle,False
3e3f9e4257af2d2c85c13050,Event Title 489,sports,Mekelle,False
d68ff72f3988af0f804386a0,Event Title 490,music,Mekelle,False
12041c3805c9945a56aed182,Event Title 491,art,Hawassa,False
3d48f68f253789f586afa0df,Event Title 492,music,Bahir Dar,False
a98c93175af28a9d87e30bb3,Event Title 493,education,Mekelle,True
256e2498aaa4445eeff8153f,Event Title 494,tech,Hawassa,True
de951158b2a8aaf63dd0a95b,Event Title 495,education,Addis Ababa,False
a0590ef76f5e7847dfe8e6cc,Event Title 496,education,Mekelle,False
1c62a81b6490da46949a6361,Event Title 497,art,Bahir Dar,False
104c009477c1e636b936ea35,Event Title 498,art,Addis Ababa,True
0e07f555c94f894bf0a1417a,Event Title 499,tech,Mekelle,True
4c6b70a02ae9f07b3deec8f9,Event Title 500,sports,Bahir Dar,False
2a2986dbd98bf9e94f458219,Event Title 501,sports,Bahir Dar,True
fb6075320c7426b74aea4fdf,Event Title 502,sports,Addis Ababa,True
32728a0e68abc1cbea970677,Event Title 503,tech,Hawassa,False
a2163281f304b3e05c9aa49e,Event Title 504,tech,Hawassa,False
b81d41628f6375b7b73f4aa1,Event Title 505,art,Hawassa,False
6e3d0b8132f5bdf5b9c89b1d,Event Title 506,education,Hawassa,False
0d63725e434d160c9a037a29,Event Title 507,art,Hawassa,False
2d6f43b9cfcdad361ff2539d,Event Title 508,education,Bahir Dar,True
fbbeb30e172bbe6ad0462261,Event Title 509,sports,Bahir Dar,False
c86dd5b7b18c3be00b17141c,Event Title 510,art,Mekelle,True
c799329cf20f6cc7005174d4,Event Title 511,art,Bahir Dar,False
a6209421fcb211f1bb8e8d43,Event Title 512,art,Hawassa,False
7196730631de7aa5d1e6c5ef,Event Title 513,sports,Mekelle,False
7c64dd4e974a134a7a3be598,Event Title 514,sports,Hawassa,True
c9ccb192c0a5f6ffc80441a9,Event Title 515,tech,Hawassa,True
c538e79e3d9da7e5fe4846ef,Event Title 516,music,Hawassa,False
7fa303369400124dcf91cc04,Event Title 517,art,Bahir Dar,False
e29813725be26570ab36fe84,Event Title 518,education,Hawassa,False
e7abd7b9575d96baa07b1bcc,Event Title 519,music,Mekelle,True
36c95f9d170a8edbe15f426d,Event Title 520,sports,Bahir Dar,False
4d5f8acc58c869aac45b669c,Event Title 521,tech,Hawassa,False
a554f39ed941ed9bfa612f24,Event Title 522,music,Addis Ababa,True
4362304391868a43cf46d5c8,Event Title 523,tech,Bahir Dar,True
ea29c88a1cf21339de60e3d1,Event Title 524,art,Addis Ababa,False
e9ec8f74cfb1e3ed7c529fcd,Event Title 525,art,Addis Ababa,False
aed976869affb2a80ffaeb45,Event Title 526,art,Bahir Dar,True
9bd6a27d3ed14a6a4fb7eafa,Event Title 527,music,Addis Ababa,False
d4c6b70fad82d9106b775e58,Event Title 528,sports,Mekelle,True
596ba02805fb8dc0b89b2580,Event Title 529,music,Mekelle,False
60dd5fa2073753262e79264a,Event Title 530,education,Mekelle,False
76907e2864d7cefb5fdeeaec,Event Title 531,tech,Bahir Dar,True
157ab290d8e7fb2381530634,Event Title 532,music,Mekelle,False
80d307e320e443a9e3d5add0,Event Title 533,education,Addis Ababa,True
4234a854503665ba91d38c5e,Event Title 534,art,Bahir Dar,True
0caf73ab07fbd0ec6812f95a,Event Title 535,sports,Addis Ababa,False
5987a2985f0966f1d5275fc5,Event Title 536,music,Bahir Dar,True
5065159c082094118b74a557,Event Title 537,tech,Mekelle,True
2b3c577331a264280051e51a,Event Title 538,education,Mekelle,False
2f5619c8528630560fa7291b,Event Title 539,tech,Bahir Dar,False
72de473019d08bcc53ac8977,Event Title 540,music,Addis Ababa,True
bf937abc7e25a4df159a50cf,Event Title 541,sports,Hawassa,True
3f71c61a144f83acb373155e,Event Title 542,education,Mekelle,True
f8a203dca5eef025a944727d,Event Title 543,art,Mekelle,True
72945505e9ec72d2639a4309,Event Title 544,education,Bahir Dar,False
cb47ce63ed0a2685735562d7,Event Title 545,art,Mekelle,True
040a3d39540794306ac56a04,Event Title 546,tech,Hawassa,False
b9553a57a276bbd1529412da,Event Title 547,education,Mekelle,True
70c9cc95c72951b55724d80f,Event Title 548,music,Addis Ababa,True
c700b98c1de1aae891b33112,Event Title 549,education,Hawassa,False
232ff73b1d77cb53a2fc9f99,Event Title 550,music,Hawassa,False
ddc3a5df436c50c8226d95fb,Event Title 551,sports,Addis Ababa,True
9a73d7628b17f26da7bd6163,Event Title 552,sports,Hawassa,False
93180f7fc6eb042bb555aef5,Event Title 553,music,Hawassa,True
a4a13bb4b45e14ba4436a9ac,Event Title 554,education,Mekelle,True
8260b17fc295bc02f1fd629a,Event Title 555,education,Mekelle,True
c036397717efae9f5e8609d2,Event Title 556,education,Mekelle,True
14f7b75a999611585d9982bd,Event Title 557,art,Bahir Dar,True
ae7f692f575b22c01ee04e12,Event Title 558,art,Hawassa,True
8975d43f6b43a3339fac601f,Event Title 559,art,Hawassa,True
4bf52f68df2ea08539c3251b,Event Title 560,education,Bahir Dar,False
a0aefa3d8d46817e08c4bb3c,Event Title 561,sports,Mekelle,False
748c0569fff8bdb87a53562d,Event Title 562,art,Bahir Dar,False
288506d1e6649b7c5e949e43,Event Title 563,tech,Hawassa,True
e9500de625fe5dfc0a8ab8f0,Event Title 564,education,Mekelle,True
593ec8fe6e3591b7b2fdbad5,Event Title 565,music,Bahir Dar,True
16c41ef71557ef52e05b78c0,Event Title 566,tech,Bahir Dar,True
2ed563c775b6ec2e4ba0e153,Event Title 567,tech,Mekelle,True
72ce98db9e5c5bb8ac088ae3,Event Title 568,tech,Addis Ababa,True
239e98ad0d9eaacb4e500c14,Event Title 569,sports,Mekelle,False
d605c3ec52afbae9603fb763,Event Title 570,education,Addis Ababa,False
0ef08acc2e4eb13774ec812b,Event Title 571,education,Mekelle,True
91da7305df59503ee603a1f2,Event Title 572,music,Bahir Dar,True
72b67b1ec9f5b84367dcabd2,Event Title 573,tech,Addis Ababa,False
cdb53fde8b632fc060337d21,Event Title 574,art,Addis Ababa,True
4b5495e6a9ad19667d2594c7,Event Title 575,music,Addis Ababa,False
19a1e6458d13b4db9eb27bd4,Event Title 576,sports,Mekelle,True
7626b2536bec1e8c7e2cc670,Event Title 577,art,Hawassa,False
5586b792f581ba4e7ff72cd5,Event Title 578,music,Bahir Dar,True
6234128c21d0a8ac7b6af8be,Event Title 579,art,Hawassa,False
eeac571a6312ac2b9c962667,Event Title 580,tech,Addis Ababa,False
b3b99c52b6dbb4d7d5a95124,Event Title 581,sports,Addis Ababa,False
6e1a35fd1644d280bc3289de,Event Title 582,sports,Bahir Dar,True
38081fd87a31dfd8f53f3672,Event Title 583,education,Hawassa,False
1a5475dadab6dc71dca244e4,Event Title 584,music,Bahir Dar,False
5605e08832fceb3ad98004dc,Event Title 585,education,Mekelle,True
2b7a54bfa25ed1ccf664e569,Event Title 586,education,Hawassa,True
9bcd6830041237bf0b79b9ad,Event Title 587,art,Addis Ababa,False
f6a03e9fd375a0514fc678d3,Event Title 588,sports,Bahir Dar,False
f174512d1f7c54232d8e69fc,Event Title 589,sports,Bahir Dar,True
8395d798b78ec72967243fd7,Event Title 590,tech,Bahir Dar,True
6c4290d403581b4d97398917,Event Title 591,education,Hawassa,False
d8568e9f9c8a47546c0c89fb,Event Title 592,music,Mekelle,True
1c496547343ac0f08c5e5ba6,Event Title 593,music,Hawassa,False
e8ea90d0b7b711a13113da7c,Event Title 594,sports,Mekelle,False
2ec9e3ccb79d324ea0fa73fb,Event Title 595,music,Addis Ababa,False
411ab728cfd74c0f5736f1c9,Event Title 596,sports,Addis Ababa,True
89c2bd05c8ded4e1c45c83c8,Event Title 597,tech,Bahir Dar,False
fec1c77ba417e1701aee585e,Event Title 598,music,Mekelle,True
f0650316110d3a1fb229ff38,Event Title 599,art,Hawassa,False
c53ba35f282bcc6cf531c8ba,Event Title 600,tech,Hawassa,True
e100818ab60dedb78664bfcb,Event Title 601,art,Addis Ababa,True
616e4abd8b08914693a07aa2,Event Title 602,art,Hawassa,False
1103cfb566c286e05eca5579,Event Title 603,music,Mekelle,False
ff4a0030d9166fb574ca95a6,Event Title 604,music,Bahir Dar,True
78a49327c94beb3a2481e4a5,Event Title 605,sports,Mekelle,False
e56e21432297fc88fd010342,Event Title 606,music,Mekelle,True
48202a3f0a5253562a511c9b,Event Title 607,education,Mekelle,False
75f0c3f318647ced1457f74b,Event Title 608,music,Hawassa,False
32b84a87e16fbc78c88c67be,Event Title 609,tech,Bahir Dar,False
21607564039f77fac350b895,Event Title 610,sports,Hawassa,False
3e69d34059a7a0d05ba4ab61,Event Title 611,art,Hawassa,False
c65821267fb7dd894bb6e64e,Event Title 612,art,Addis Ababa,False
ae8c1191431d1256fb5a22a1,Event Title 613,tech,Hawassa,False
6afa50a2b4ce8e23273228bc,Event Title 614,sports,Bahir Dar,True
0f955a8629fbf1735820d532,Event Title 615,sports,Bahir Dar,True
1ac80301a256728b9cea45c9,Event Title 616,tech,Bahir Dar,True
a684b947bc6aa29af3d5d50e,Event Title 617,art,Hawassa,True
26a1605550ba9a32a7b77384,Event Title 618,sports,Mekelle,True
c20a4cf7ea4d22dd1a967a20,Event Title 619,sports,Bahir Dar,False
f47710e111aca213c25fa112,Event Title 620,art,Bahir Dar,False
bb04fc9ee97d50fc4a227e2a,Event Title 621,music,Mekelle,False
e7e809820da6a019d94a1e16,Event Title 622,tech,Mekelle,True
6fd4e5d815c8759f36b30d12,Event Title 623,tech,Addis Ababa,False
09f4d384062be54be3767c99,Event Title 624,education,Bahir Dar,False
dcf278c3254f7f1ebd068115,Event Title 625,sports,Hawassa,True
0e922fae548ec3f511962e95,Event Title 626,art,Addis Ababa,False
adfb30d79cfcfa502c9d40c1,Event Title 627,sports,Addis Ababa,False
a51fe91ac02fea20810a4ac1,Event Title 628,music,Bahir Dar,False
83c996d76c654c83b62d14fa,Event Title 629,tech,Hawassa,True
893f6ef500fcbb4aba28def3,Event Title 630,art,Addis Ababa,True
dc627bc22383dc7fa08ffb6b,Event Title 631,art,Hawassa,True
a47362d0a20c20b01e98cc76,Event Title 632,sports,Addis Ababa,False
9eeb7cb39abfa862aeb61ba4,Event Title 633,sports,Addis Ababa,False
8ab030ee1d7fedffff89f2c5,Event Title 634,tech,Bahir Dar,True
72a04b42ec72ebfc482e1c34,Event Title 635,art,Bahir Dar,False
0ef6c1ef99268cd2e02a7fdc,Event Title 636,music,Mekelle,False
0a54612d07cf829f8ce913f6,Event Title 637,sports,Bahir Dar,False
e5b420026d84ef1909981691,Event Title 638,art,Hawassa,False
be001447335c1451021d148c,Event Title 639,education,Mekelle,False
1c1cd82f29c300617be4102b,Event Title 640,music,Bahir Dar,False
858a057497b9e0a4a6ef42ac,Event Title 641,tech,Addis Ababa,False
cd4a7b102f72d132e535538a,Event Title 642,sports,Hawassa,False
d708916e7e0a7469b53ff4c5,Event Title 643,art,Mekelle,True
b15692cf4b8dd040cd0c769a,Event Title 644,art,Bahir Dar,True
2e9498f601e278f0b68e8ebe,Event Title 645,art,Addis Ababa,False
a523ef1714de223dd7f8ea09,Event Title 646,art,Addis Ababa,False
aa808fc7efadf6700b8c48b8,Event Title 647,sports,Bahir Dar,True
b344d0a4b2ef03ae33536278,Event Title 648,art,Hawassa,False
36b07b2cb499542498d7fd36,Event Title 649,sports,Mekelle,True
625e0c5893635d71bdde34e9,Event Title 650,education,Mekelle,False
a0bd2c1b8467ea9da21e3e42,Event Title 651,education,Mekelle,True
11f701baea99912ea48bf481,Event Title 652,education,Addis Ababa,False
7a3d754dca6c32d7efff355e,Event Title 653,education,Addis Ababa,False
dd97af0ef9d0d8979abfae85,Event Title 654,music,Mekelle,True
3f88c47b3baec4e21f089539,Event Title 655,art,Addis Ababa,True
1c5fc02d08b61e9f1f74e680,Event Title 656,music,Addis Ababa,False
36c6a656adec7b76cbc16a24,Event Title 657,music,Mekelle,True
e8d66206ad02dc53d6c95c91,Event Title 658,sports,Hawassa,True
d9f3a92ccef52884249981bc,Event Title 659,education,Hawassa,False
ef31ff6b4d587e418e79f4eb,Event Title 660,sports,Hawassa,True
54ad0833497d7a49bd0959cf,Event Title 661,education,Bahir Dar,False
cb60d2bc953c8b818c8e83ae,Event Title 662,sports,Mekelle,True
9178540eb431e92fb63e71c4,Event Title 663,music,Bahir Dar,True
f6cd3c7a43160d9a5bdbd913,Event Title 664,sports,Hawassa,False
8e4d92490474d1a8175623ae,Event Title 665,sports,Addis Ababa,True
5e7c9858572a8fab66938b95,Event Title 666,art,Bahir Dar,True
307bce1410f62920cc156672,Event Title 667,tech,Hawassa,True
d7ef9be3373791bd7951a4cd,Event Title 668,education,Bahir Dar,True
f0059f24ae5c4a54f39086bc,Event Title 669,sports,Addis Ababa,True
5eee4ef773169831f6c4ffb4,Event Title 670,education,Mekelle,False
adc6c73607ad28be703d269d,Event Title 671,music,Bahir Dar,False
93c0321caeab43955d34e35a,Event Title 672,music,Hawassa,False
624856cb626573c47cfaa8d9,Event Title 673,music,Addis Ababa,True
6fc4e14e259215baaa689493,Event Title 674,tech,Bahir Dar,True
4dbe2e60b8d40e804bc279a9,Event Title 675,sports,Hawassa,True
fa0265668046e1db42c85cee,Event Title 676,education,Bahir Dar,False
d2cd547aa4c9fc290fc7093c,Event Title 677,art,Mekelle,True
bb8c2bf71bb6833315f5b0c5,Event Title 678,sports,Bahir Dar,True
782153e2a0e98a83c364b2ab,Event Title 679,sports,Bahir Dar,True
4a800e3dd967721d706b25c0,Event Title 680,sports,Addis Ababa,False
9a1b0a9ea103d7e06cdc77f4,Event Title 681,art,Bahir Dar,False
5dd14f78c4f7e42c284bcd28,Event Title 682,art,Addis Ababa,True
31ad307c0f9d78630e9bc39c,Event Title 683,tech,Bahir Dar,True
58335892216525f1ec88f02a,Event Title 684,education,Bahir Dar,True
0b8b910a53980a29b5d6f94e,Event Title 685,tech,Bahir Dar,False
c577eda1cd8f3ce79ff141ab,Event Title 686,sports,Mekelle,True
a368f6210ab506a6ab897ce5,Event Title 687,tech,Hawassa,True
40d85449c0f1fbfcbf058b1f,Event Title 688,sports,Addis Ababa,True
5b38b4b0f753a024338f9dc6,Event Title 689,art,Hawassa,False
761c2c4b97e88aba9d557cff,Event Title 690,music,Mekelle,True
2c1d44c323b3d9f4e77215c0,Event Title 691,sports,Hawassa,True
d1caf912dcce29cdb00b8f96,Event Title 692,education,Mekelle,True
26a3541c2ced7fd076bd9bc9,Event Title 693,education,Mekelle,True
9e65c9a32f4e8e5cf5c0c611,Event Title 694,music,Hawassa,False
a461583422882a680d46c91b,Event Title 695,sports,Addis Ababa,False
708f6db903928bfb3ab7278b,Event Title 696,music,Addis Ababa,False
cc5da74f6575281c831757c6,Event Title 697,tech,Hawassa,True
14240a7324bc22a4a16c94e9,Event Title 698,sports,Mekelle,False
8e443138df4446ffa8add6ec,Event Title 699,music,Hawassa,False
fe7d98b27ddc6f7232a150da,Event Title 700,education,Hawassa,False
fa5b52dea1ed583271d4bc8c,Event Title 701,tech,Addis Ababa,True
27417861d2b538680471d958,Event Title 702,tech,Hawassa,False
7ad0434bb3c0754c30282a36,Event Title 703,art,Addis Ababa,False
7691d84a6cd2646865e2553b,Event Title 704,tech,Mekelle,False
921a3847439c753c138a21b9,Event Title 705,art,Hawassa,True
3695e956eace3581a0bae5b5,Event Title 706,education,Bahir Dar,True
23609f31cdf2ba860821eb48,Event Title 707,sports,Addis Ababa,True
9a508e089573d0c50ad7f72b,Event Title 708,tech,Addis Ababa,False
41cc4648d316453f204c110a,Event Title 709,music,Bahir Dar,True
b95a54b1b0c3259eb270bdf4,Event Title 710,sports,Mekelle,True
66ed523f6ff55d339b306a0b,Event Title 711,sports,Bahir Dar,False
0a4c855f516339ef8cc31f9f,Event Title 712,sports,Mekelle,True
c70cc0931026a3c75f74e5a8,Event Title 713,education,Addis Ababa,True
090e87d80a630b676e4aae74,Event Title 714,tech,Bahir Dar,True
ba954c174583a777a3cdcbf4,Event Title 715,art,Bahir Dar,True
244a139f6302d05625a0a7a6,Event Title 716,art,Mekelle,False
76f53b281bc8201e2cc0672f,Event Title 717,education,Bahir Dar,False
51e13a7e631b58535e1c4299,Event Title 718,sports,Mekelle,True
41d98fe41629d9643667a011,Event Title 719,music,Mekelle,False
961f2dd43edc1b87b9461ea1,Event Title 720,music,Mekelle,False
c028b105f5d4e26418c642fa,Event Title 721,sports,Bahir Dar,False
76a1a7040f78af946a53f302,Event Title 722,sports,Bahir Dar,False
27cfdad1164323d58cb52c69,Event Title 723,sports,Bahir Dar,True
81cee6735514289309b48503,Event Title 724,art,Hawassa,True
f2d5c9aa63eb3a60312119f0,Event Title 725,music,Hawassa,False
9d0710b68691d71512f0b695,Event Title 726,tech,Bahir Dar,True
5bedcdcbe904d34bbba256a8,Event Title 727,art,Bahir Dar,True
913e4c1a911ca8c738d9adeb,Event Title 728,sports,Mekelle,True
0becdcc04d8a3f8948190c3f,Event Title 729,education,Addis Ababa,False
f1a1fd2216bdf007907c179d,Event Title 730,education,Addis Ababa,False
ad5f671bbe4fea3832e5fc78,Event Title 731,sports,Addis Ababa,False
fbbc7712c0102695231a8fe8,Event Title 732,education,Addis Ababa,True
68ccaa69b6a7b5670a4d311b,Event Title 733,music,Hawassa,False
c540c2cda770ba24d51a5241,Event Title 734,sports,Mekelle,False
fcdda5dc5187be146280df7b,Event Title 735,music,Mekelle,True
c7c4a694e0278266a09cb430,Event Title 736,tech,Mekelle,False
e6e676d54ef6ed4b9cdb170e,Event Title 737,sports,Hawassa,False
8347d5b1e03d4ee7c8e5db70,Event Title 738,art,Mekelle,True
6cd5d2f24e97221ae4539e35,Event Title 739,tech,Mekelle,True
e59964a09e27fa683bbd7296,Event Title 740,art,Mekelle,False
488b87496f973111ab1f6c6c,Event Title 741,sports,Addis Ababa,True
874553a2b44e80653499a04a,Event Title 742,art,Mekelle,False
9ff7c0e8bbe1bc06b863702f,Event Title 743,sports,Bahir Dar,True
243e831f74b05cda1d1e0cb9,Event Title 744,art,Mekelle,False
0aa6eb6b9fa29fc3008288ba,Event Title 745,education,Hawassa,True
394261d71e1fd5fc522183f6,Event Title 746,music,Bahir Dar,False
eca7577bd620eb9463343f48,Event Title 747,art,Mekelle,False
18c609c1642be7a4ebc0e52b,Event Title 748,art,Hawassa,False
07018ed5c90a111dfa16dcf5,Event Title 749,sports,Bahir Dar,True
8d395d676254a130b26485b4,Event Title 750,art,Bahir Dar,True
7d7f98692108e5877f53963d,Event Title 751,music,Addis Ababa,True
45722afb4ee7770babaf09db,Event Title 752,tech,Mekelle,True
cf7403100652ae8cfeba367c,Event Title 753,education,Mekelle,True
771f6009e318dcb4154b1dde,Event Title 754,art,Bahir Dar,True
e282c5dd003356c5900038d3,Event Title 755,art,Addis Ababa,True
3e27e84a744ac98e503e7e6b,Event Title 756,sports,Bahir Dar,False
8947ae34de2ea4a8ee7dbe2f,Event Title 757,sports,Mekelle,False
b9dd71c15e0d247030a27369,Event Title 758,art,Addis Ababa,False
db97dd0dd82180c773c15041,Event Title 759,art,Mekelle,True
f9b5245b5337bff66f96bd3e,Event Title 760,music,Bahir Dar,True
1a60c8f46073c4206c7b3bd8,Event Title 761,tech,Bahir Dar,True
91866874f9b75e9e21175367,Event Title 762,music,Mekelle,True
6f455cba181aae99737a5d99,Event Title 763,music,Bahir Dar,True
3740371727a4134ea5140d64,Event Title 764,art,Mekelle,False
7ca49748d0c482d93bc552d9,Event Title 765,music,Hawassa,True
24e3e558b0d8d6ffc193f1a3,Event Title 766,education,Addis Ababa,True
4fe419d9f1feeb0022b4218c,Event Title 767,tech,Hawassa,False
f206d48cbaacabb2bfb14e60,Event Title 768,education,Hawassa,False
9fa8e037b86760bbf21c2847,Event Title 769,tech,Mekelle,False
6a903b3f7e1c03b83e26b257,Event Title 770,sports,Addis Ababa,True
7201947b7ce8a865336fb3e4,Event Title 771,sports,Mekelle,True
2f31d53490603c38a7471730,Event Title 772,music,Addis Ababa,False
20c98329ede876a32ac218e5,Event Title 773,music,Mekelle,True
5519e53b9132fd06aad20e65,Event Title 774,education,Mekelle,False
cfb6f2c203fb709558b811b1,Event Title 775,sports,Addis Ababa,False
ef6df221e7735d81a388255e,Event Title 776,education,Mekelle,True
91a22b404a6bfc0df13f4ae6,Event Title 777,music,Addis Ababa,True
9ac4ca58b388518865fb7d92,Event Title 778,music,Bahir Dar,True
a795bfee58333fa6f575f175,Event Title 779,art,Mekelle,True
09cde9436216c5eda3aaebf6,Event Title 780,sports,Hawassa,False
94943e11649e22d8dec7922e,Event Title 781,sports,Hawassa,False
f7b9ae936c65f7f7f0a702a1,Event Title 782,art,Addis Ababa,True
aa87c90835f05233a7f70803,Event Title 783,education,Addis Ababa,True
3efd4ef00e899abb5be11c0b,Event Title 784,tech,Mekelle,True
71a045ab489f085362ba7201,Event Title 785,art,Mekelle,True
0c10fc190efb1886a96c4f1c,Event Title 786,sports,Addis Ababa,False
00bedb07e633c9c2fdd12b32,Event Title 787,music,Hawassa,False
97789e1d5e98616edb41ed4e,Event Title 788,education,Addis Ababa,True
abcf60572a7b310f776ab6a6,Event Title 789,music,Bahir Dar,True
3ea5449e30fae2fb3471bbdd,Event Title 790,sports,Mekelle,False
ce685427d25584d578be9aa8,Event Title 791,music,Mekelle,True
a5e2c41d4c0fb337bc39a97c,Event Title 792,sports,Addis Ababa,True
1a0ff4f563ba0e227d231579,Event Title 793,tech,Addis Ababa,False
c25ab494b4c159f8723389d2,Event Title 794,art,Bahir Dar,True
e090b1189ed414b355542ae7,Event Title 795,education,Bahir Dar,True
36137875ae18fc986410afb3,Event Title 796,art,Bahir Dar,True
87f098adfe078ac97a97ed0b,Event Title 797,art,Hawassa,True
f0b25ad24d59507e27c5e9d9,Event Title 798,sports,Bahir Dar,True
2f621a283ef47a2c7331b9bb,Event Title 799,art,Mekelle,True
31556bcb26ac83c9b3993c67,Event Title 800,sports,Mekelle,False
c3cd4f3c3c9dda54e2e69bd9,Event Title 801,education,Mekelle,False
251dcbabdf32fbc67fb37923,Event Title 802,tech,Bahir Dar,True
939db07a5d7f1226b6bb705c,Event Title 803,sports,Bahir Dar,True
3fbe5a3a8d072e8e98edcabe,Event Title 804,education,Bahir Dar,True
99f165701435579607a61e61,Event Title 805,music,Addis Ababa,False
f76c95d5a1b732386a42eef6,Event Title 806,music,Addis Ababa,True
0249d1157f164909df7b5f45,Event Title 807,tech,Bahir Dar,False
f5bdf25322059c06751d2c8e,Event Title 808,sports,Hawassa,False
6f0d2c427924c1da2173538c,Event Title 809,art,Addis Ababa,False
a739847e9647362262716130,Event Title 810,sports,Mekelle,True
19e9a7ed9efc65478bbef640,Event Title 811,sports,Hawassa,False
083da7e9e6d7350f3571aeed,Event Title 812,sports,Addis Ababa,False
260e66facc16331a14bd5f4f,Event Title 813,sports,Bahir Dar,False
6ea121b22b73fc849bcf53c4,Event Title 814,sports,Hawassa,False
1fa05f152d9a2443d4904835,Event Title 815,tech,Bahir Dar,False
6dbc5f658be5825caf0bf1fb,Event Title 816,art,Mekelle,True
3109af8d26dcf13a764c0199,Event Title 817,education,Hawassa,False
df09e464fedc7f43c48ead5c,Event Title 818,tech,Hawassa,True
487f80d155d438bc95be1d9a,Event Title 819,education,Addis Ababa,True
b83190292e6ab20bab44a02e,Event Title 820,music,Addis Ababa,False
a5a82cbc82fe18723b7f5822,Event Title 821,sports,Addis Ababa,False
968fe0b4072493497dd3c57e,Event Title 822,education,Mekelle,False
9a848c4c7f1c3af3c135ef9a,Event Title 823,tech,Hawassa,True
43bf0f7bdc5f94e6d80aad1e,Event Title 824,art,Hawassa,True
7f952db83ec7ec2a7793ffe6,Event Title 825,tech,Bahir Dar,False
f02b619a5426a5add4f70236,Event Title 826,education,Mekelle,True
b61fcd7362579c1927ca1310,Event Title 827,music,Hawassa,False
144f455662690409c99ae88a,Event Title 828,tech,Addis Ababa,True
c8bf278f5fc380f128187540,Event Title 829,education,Hawassa,True
4175eb072b06d2e65ba4fe98,Event Title 830,tech,Hawassa,True
9f5f9dae79c160461359ecea,Event Title 831,tech,Hawassa,False
c19eb4f725d9eecc713db784,Event Title 832,tech,Addis Ababa,True
e8bc4cd461455309892b39d6,Event Title 833,sports,Mekelle,True
d73b52da6ea8bc379ea36575,Event Title 834,art,Hawassa,True
ddf1113f5bf8dc836f3a89f4,Event Title 835,art,Bahir Dar,False
9cf31b8f7adb00c1b39d0fbc,Event Title 836,art,Hawassa,True
8e1c531925a3467a79c94e0a,Event Title 837,sports,Addis Ababa,False
5f0fc13db51b485aa278173a,Event Title 838,sports,Mekelle,False
6804358a43d9e62c0cfbacbf,Event Title 839,music,Mekelle,True
204b3597ad22fbd57dc37218,Event Title 840,education,Addis Ababa,False
32d88c1d210e8c4613f93a94,Event Title 841,music,Mekelle,True
7ac67db6ee8a72f58f72cbfb,Event Title 842,education,Bahir Dar,False
4ab5a92fbaf483d2d8dc52f6,Event Title 843,art,Hawassa,True
c5f0b67d6674aa8a4f1b855b,Event Title 844,music,Addis Ababa,True
306b8099780171f99a302872,Event Title 845,education,Mekelle,False
2462f998b3f32e56658ca2f8,Event Title 846,sports,Bahir Dar,True
881e8aa19d82217a1e91fea2,Event Title 847,music,Addis Ababa,False
26170a417b24287a124ef8b0,Event Title 848,tech,Hawassa,False
5e5c74e07400cf972f4a940a,Event Title 849,art,Mekelle,False
382effd49bb128601acc5a31,Event Title 850,tech,Mekelle,False
78ed15406eb708411d3b6cf0,Event Title 851,art,Bahir Dar,False
e8d60706544320aa1b901fc9,Event Title 852,sports,Hawassa,False
8f37263d7b49f2ce7ac73401,Event Title 853,education,Mekelle,False
289f56b98e07a94e64dbd646,Event Title 854,art,Addis Ababa,True
61adb555c31f5b08c49afe3a,Event Title 855,art,Hawassa,False
1afa534b4eb5f331a58cbb36,Event Title 856,music,Addis Ababa,False
05c58899f03cfce12d81ed8c,Event Title 857,tech,Addis Ababa,False
7143dd2fb89d698a52de19e8,Event Title 858,art,Hawassa,True
4a8d173a0dbe26d1788e0caf,Event Title 859,education,Hawassa,False
26cb64e8427af642ad9daf03,Event Title 860,music,Mekelle,False
ce39e47fa920bc4c0cc902ed,Event Title 861,art,Bahir Dar,True
da3be8a57deadf1c236cb0e3,Event Title 862,education,Bahir Dar,True
613dfc42af9d1f09ac9428fa,Event Title 863,music,Hawassa,True
2ce1a4fd20f025ee61a101c2,Event Title 864,sports,Addis Ababa,True
2d9231537a1defdc32264c39,Event Title 865,education,Addis Ababa,True
1307223726c1fb6248189121,Event Title 866,education,Hawassa,True
6ba192342acf1c056ec9dc1d,Event Title 867,art,Mekelle,True
1bf0ba20e51a52100aadf27d,Event Title 868,art,Mekelle,True
3d8a4d94ecd6ab75e6456cb1,Event Title 869,sports,Bahir Dar,False
6357f41cac1ff6f1dd6187e3,Event Title 870,tech,Bahir Dar,True
fe46e874a6040ac4ced7936b,Event Title 871,tech,Hawassa,False
85e1e1b0f83ff0c84f26df90,Event Title 872,tech,Hawassa,True
87a634c25fd3baaefe492f55,Event Title 873,tech,Mekelle,True
6bcdfc83c555be931981fcb6,Event Title 874,sports,Bahir Dar,False
582c8b557ffa7a38ed2cdede,Event Title 875,education,Addis Ababa,True
b56c529f8ab7075f2b1c2c09,Event Title 876,art,Hawassa,False
0849bf9ee40e12657a9759e7,Event Title 877,education,Hawassa,False
694fa2ab1ec8a27893c8beb8,Event Title 878,art,Mekelle,True
53adeea18bfba700aff04cd7,Event Title 879,tech,Hawassa,False
4e2fd1bfc9e100eb60a7449a,Event Title 880,art,Bahir Dar,False
4184342a7827df6c1e262114,Event Title 881,music,Addis Ababa,True
f48888cc0d7a9a4c59fa9f7b,Event Title 882,education,Hawassa,False
0290d3770f836ac1cb8d122c,Event Title 883,sports,Addis Ababa,True
89be0834b2993b17653a7fef,Event Title 884,sports,Mekelle,True
6564e47829a182e46296cc45,Event Title 885,art,Bahir Dar,False
c971271fc05a6a95920e4e27,Event Title 886,tech,Mekelle,True
2ce1bb237a944b30ad66aa37,Event Title 887,music,Hawassa,False
0bff7da8430046f669d3e1f7,Event Title 888,art,Mekelle,True
1c8f5b0207f3c641bec22ec8,Event Title 889,music,Bahir Dar,False
71174a565aac3c5e622608c1,Event Title 890,music,Hawassa,True
60df32044aadbdb082eacf2a,Event Title 891,education,Bahir Dar,False
1679f0f4c41f57193e82aa17,Event Title 892,art,Hawassa,False
ef8725938c5e31004219d01a,Event Title 893,education,Mekelle,True
f1a0640a60727a789783438c,Event Title 894,tech,Bahir Dar,False
ccf6a86d01cb8c52c407a56b,Event Title 895,music,Bahir Dar,False
a832cf3f1c9e2f16b3c64376,Event Title 896,tech,Mekelle,False
4e2464c615bea62ced2d08eb,Event Title 897,education,Mekelle,True
ae516fbf7645691e190c8a44,Event Title 898,art,Addis Ababa,True
31a285dc78eb372e751b3859,Event Title 899,art,Hawassa,False
fb77577ba152c9ebfe26276c,Event Title 900,education,Hawassa,True
a4737e1640f0f905f49eeffc,Event Title 901,music,Bahir Dar,False
402d5b597abd840b84e831f2,Event Title 902,sports,Addis Ababa,True
f3146c0c717d96b8e5bae507,Event Title 903,tech,Hawassa,True
76489871c69af7ab08573389,Event Title 904,art,Hawassa,False
558748b5f1cba18a5868b92f,Event Title 905,education,Addis Ababa,False
c58b2b03dd2e9c133523c0a2,Event Title 906,art,Addis Ababa,True
97ef2d2ce1e52ab7454b2169,Event Title 907,music,Mekelle,True
f003ae2fc0419f32b350ad12,Event Title 908,music,Mekelle,True
378e0705ad2c2e768ad30b03,Event Title 909,sports,Mekelle,True
9a2bc0f9970a770e58f2c876,Event Title 910,education,Addis Ababa,True
a9a507838cca417e87762f4e,Event Title 911,art,Bahir Dar,True
7d71be5b22f64fbb4a58a649,Event Title 912,tech,Bahir Dar,False
16e1349fdde147565fdb0f13,Event Title 913,sports,Mekelle,True
4afb3baab69d65696a18edc2,Event Title 914,music,Addis Ababa,False
0a36309eaa3d16c2438d8d15,Event Title 915,music,Bahir Dar,False
44edc03d0420e169adc7a105,Event Title 916,sports,Mekelle,False
bcf3a468d2b444b3f2dcba6d,Event Title 917,music,Addis Ababa,True
dc1a59b533982d876fb0afec,Event Title 918,tech,Mekelle,False
e2c7a4a40b290e0d8151a0b0,Event Title 919,music,Addis Ababa,False
586ca19dfda587750a2be527,Event Title 920,sports,Hawassa,False
9395d72484817449031a6d91,Event Title 921,sports,Bahir Dar,False
cb343f53f75c55b9ce2626bd,Event Title 922,art,Hawassa,True
dbf1cf21abf9b9aadf5524c9,Event Title 923,sports,Bahir Dar,True
0cd7276641cd6075dda5841b,Event Title 924,music,Mekelle,False
f3618a2802f0e9adce4f2812,Event Title 925,art,Hawassa,False
e5a5fe03140a9c6d017fed6a,Event Title 926,sports,Bahir Dar,False
8dbef23430bc6796345af9a6,Event Title 927,education,Addis Ababa,True
6656a9ef9ac0550e87818eb0,Event Title 928,music,Mekelle,False
8448cf1de145f12c71e5957f,Event Title 929,tech,Mekelle,False
96c3f61d10c9503e79f9615e,Event Title 930,tech,Bahir Dar,False
dbf689f6c3332ad01f745a1b,Event Title 931,sports,Bahir Dar,True
e74b25cd08bf44b44a4241ee,Event Title 932,music,Mekelle,False
4e4671a581e4b5ba5ccd536d,Event Title 933,sports,Bahir Dar,False
d581a63227c08b8bdce08985,Event Title 934,tech,Addis Ababa,True
710870032ad40e0c2f832f8b,Event Title 935,tech,Bahir Dar,False
9dc6112a6aa0844d6e47dffa,Event Title 936,education,Addis Ababa,True
2222dfec0d03b3dc360af498,Event Title 937,art,Addis Ababa,True
5b52aa1847d9cca902c8cf42,Event Title 938,music,Mekelle,True
603bf4c125cb09eb9856df94,Event Title 939,music,Bahir Dar,True
d02b2d07773b8d05df52ddcf,Event Title 940,sports,Bahir Dar,False
6f9bccaba3565df2ef1a8899,Event Title 941,education,Addis Ababa,False
3130b4e52d371e60953c8a7b,Event Title 942,art,Addis Ababa,False
1507d6cb7e87457bf29ff061,Event Title 943,education,Addis Ababa,False
f525c08f40b6bb187a180dcb,Event Title 944,tech,Bahir Dar,True
b4809232e23a69cece29199f,Event Title 945,sports,Addis Ababa,True
e50b6e8667faac41971df830,Event Title 946,art,Bahir Dar,True
6c3c9254d54438d60e2a386d,Event Title 947,music,Mekelle,False
951e8d75a340e861f0c8731a,Event Title 948,sports,Mekelle,True
5a4bcaded65a8fed31cdc1a2,Event Title 949,sports,Hawassa,True
ad305419f9ed50e216bb2190,Event Title 950,education,Bahir Dar,True
ab16c3a25e527f94c6a446f3,Event Title 951,sports,Bahir Dar,True
bb212ff50cc2965008d8e4cf,Event Title 952,tech,Addis Ababa,True
13b13aa5d540cb0f05b0e13f,Event Title 953,art,Mekelle,False
da4ae2c1b8a2c16f0f31241b,Event Title 954,sports,Addis Ababa,False
e62e062e08e6a701a5823e74,Event Title 955,tech,Bahir Dar,False
0a5e8bd1a07570aa08c66c69,Event Title 956,art,Bahir Dar,False
a61908161f77ede9826c21f8,Event Title 957,music,Hawassa,True
5d7a17eca8f0ab12be6a3d62,Event Title 958,art,Mekelle,True
2687325ed1a69f9a56f85fae,Event Title 959,tech,Hawassa,True
c9d38c12d92e13e3998311e3,Event Title 960,sports,Mekelle,True
461bd6ab49e2137687886b24,Event Title 961,tech,Addis Ababa,False
c0514d8175b37290096b5fd5,Event Title 962,education,Bahir Dar,False
81a54f8b870003addfea8296,Event Title 963,tech,Bahir Dar,True
a1f16533bebc8f0510f106bb,Event Title 964,music,Addis Ababa,False
be9f8925fdf06e7267e5c51e,Event Title 965,tech,Hawassa,False
804149ee4bab702fae1547a3,Event Title 966,education,Hawassa,True
7e1186bf4b17337f1d62aa7c,Event Title 967,music,Addis Ababa,False
23414c20ae46596f886e809e,Event Title 968,tech,Mekelle,False
1961b8a5cc4a8894efb02879,Event Title 969,education,Mekelle,False
8d9832b3c552b9b2d7cfecb4,Event Title 970,sports,Addis Ababa,False
7e44fc61f89ff06c59509bf8,Event Title 971,music,Bahir Dar,False
37cd4c05ca94d128220a6341,Event Title 972,sports,Addis Ababa,True
810ae66cb8aa8f1d3fa822ff,Event Title 973,art,Mekelle,True
f975baa20a323e6784d1548d,Event Title 974,education,Hawassa,False
3f2c54bb24501e7480748a39,Event Title 975,sports,Addis Ababa,True
a8af6e028bc86042881d1633,Event Title 976,education,Hawassa,False
8c8fc8ed39b9a59e5dbe891b,Event Title 977,sports,Bahir Dar,True
f57f44545d3117a8bc1fb913,Event Title 978,education,Addis Ababa,False
2eb7b8d52938126e8d5740c9,Event Title 979,art,Addis Ababa,True
1dbfade3b1e828d239b89d40,Event Title 980,art,Addis Ababa,True
f558a2363023896f9505473b,Event Title 981,education,Hawassa,False
324b02b83bcc9acade9b642d,Event Title 982,sports,Bahir Dar,False
6726c4911be38744079fd2a0,Event Title 983,education,Addis Ababa,True
21673c059a11564178253ee1,Event Title 984,music,Bahir Dar,False
aeb3dbd1ba9a58c08fb35774,Event Title 985,education,Bahir Dar,True
f66646ba59e4a03e67c1e3ad,Event Title 986,art,Hawassa,True
95c595f20e9ff60e4c866f34,Event Title 987,tech,Mekelle,False
a3137139c0d8047a225584d2,Event Title 988,education,Addis Ababa,False
300789c5de44990543039b33,Event Title 989,art,Mekelle,False
238a75db4bd7cd7842bce43c,Event Title 990,art,Hawassa,True
1b34be677fde8c04eb33b306,Event Title 991,art,Mekelle,True
17b5ee506ebe37337f73f5b9,Event Title 992,art,Hawassa,True
966e908287a8073ffd90cd31,Event Title 993,sports,Hawassa,False
2deca29561ee28c982c17e4c,Event Title 994,music,Hawassa,False
77208dc5a7f2f8ff362e124c,Event Title 995,sports,Hawassa,False
6ef92c21075270eaa79ea81c,Event Title 996,art,Addis Ababa,True
98517f855b48588763157635,Event Title 997,art,Mekelle,True
b3d828453dbd23a0c5e2181c,Event Title 998,tech,Addis Ababa,False
b395bf2de8e05c8e6e44789c,Event Title 999,sports,Mekelle,True
60705261a6941633ba438af6,Event Title 1000,music,Addis Ababa,False
98927789d87ded69627531e0,Event Title 1001,sports,Hawassa,True
86d3a36bfa665e016fedb810,Event Title 1002,music,Mekelle,False
6438c83887eeab20d5b6a8b3,Event Title 1003,art,Hawassa,True
23be6623ba46319484d80ea6,Event Title 1004,sports,Addis Ababa,False
bde951e8ada958bbde9e626f,Event Title 1005,music,Addis Ababa,False
bf1e18f20c95637654749b40,Event Title 1006,art,Hawassa,False
f4f6c54dac2af0565056e8bf,Event Title 1007,art,Mekelle,False
f731990d8f08bcb9180a4dce,Event Title 1008,tech,Addis Ababa,False
d4b5c2dd3ee0c921b576d336,Event Title 1009,music,Addis Ababa,True
90a1e7d1c42f159a37b54ab5,Event Title 1010,education,Bahir Dar,False
85946c6b746ec6fc7e489be6,Event Title 1011,music,Hawassa,False
6b55f1afade79bec896e6ab9,Event Title 1012,sports,Hawassa,False
b201fd9a7aced5b237b26dec,Event Title 1013,art,Hawassa,True
3de56a9e45712be038072e8b,Event Title 1014,tech,Hawassa,False
10417a957620c6406041a869,Event Title 1015,tech,Addis Ababa,True
f21d38a05413720221a38e75,Event Title 1016,music,Hawassa,True
fd43961c3d04a1392cdafa12,Event Title 1017,art,Bahir Dar,False
3ba64c0a97b71804a2a29f2b,Event Title 1018,music,Hawassa,False
b05a5e5f81a2a488457c3b25,Event Title 1019,sports,Hawassa,False
834de99291b5c43508f4c998,Event Title 1020,education,Bahir Dar,True
3cb0ca83dfba90ceabdf24e4,Event Title 1021,art,Mekelle,False
5f858c8243f9b5c59d4ba53c,Event Title 1022,music,Addis Ababa,True
368cfa93e4fd782f2d1cd7ce,Event Title 1023,music,Mekelle,True
896b555707f2ae9854ea5c10,Event Title 1024,education,Hawassa,True
89c4ab524aab8e80e6612f36,Event Title 1025,art,Addis Ababa,True
7534676839a8509360b01ce1,Event Title 1026,art,Addis Ababa,True
13c685b89e05ba3e8cd6b5a8,Event Title 1027,education,Bahir Dar,False
c6d3ef9000cb038684cf457e,Event Title 1028,sports,Addis Ababa,False
735078ad8c4729753fbaecb6,Event Title 1029,music,Bahir Dar,True
4f2d6b19a8ea7e44b1776867,Event Title 1030,education,Hawassa,True
966000ed0eb5f17e3b6c13ec,Event Title 1031,education,Bahir Dar,False
e4060ce8089d77f0783505b9,Event Title 1032,education,Bahir Dar,True
1b3521cf91c963a7dba9882d,Event Title 1033,education,Bahir Dar,True
5d42f7379de0568a63c13fdf,Event Title 1034,music,Addis Ababa,True
3a4f6dcd67e974f2319a72e9,Event Title 1035,education,Hawassa,True
395f4a7a02962cae2f3942a5,Event Title 1036,education,Hawassa,True
f0ca98b4074c5e8273dd7baa,Event Title 1037,music,Addis Ababa,False
a5ea1213edd92e2fa90c13f8,Event Title 1038,music,Hawassa,True
9983e7b43b44ee1d01a2712c,Event Title 1039,education,Mekelle,False
70bec72f117677b145fc271c,Event Title 1040,tech,Hawassa,False
92eeed477b50874ef6427c2a,Event Title 1041,sports,Hawassa,True
09686f4b5fd2b0fa0b04fd01,Event Title 1042,art,Bahir Dar,True
864606a85cf980a9e74a3f0a,Event Title 1043,tech,Mekelle,True
e6f69d7e9e0ba40b05af26f5,Event Title 1044,music,Addis Ababa,False
a2b05057802ae96feca769c9,Event Title 1045,education,Bahir Dar,True
e5caeb35edd68232e475fe15,Event Title 1046,education,Addis Ababa,True
2236b9694993216fb29d5669,Event Title 1047,education,Addis Ababa,False
dc4539a7a91ca5ddeeab262d,Event Title 1048,tech,Mekelle,False
493497836cb0512c4ddf4b12,Event Title 1049,tech,Mekelle,False
f416b3f98320ac73cbc6e371,Event Title 1050,music,Mekelle,True
49edaa58f0570b2b776fb796,Event Title 1051,music,Hawassa,True
df942b5252ef22fe8e6e1e7f,Event Title 1052,art,Bahir Dar,False
ba8a70860d32d333270cca3a,Event Title 1053,tech,Mekelle,True
83ccacbe39a993c37d401488,Event Title 1054,education,Bahir Dar,True
eb55de9cc336b6171ab30603,Event Title 1055,sports,Addis Ababa,False
7f1189eb67c052064a4c3615,Event Title 1056,tech,Bahir Dar,False
fd1e2bc7fd8c3346c52af2ab,Event Title 1057,art,Addis Ababa,True
ec565de031ba84a5e73e54c4,Event Title 1058,tech,Bahir Dar,True
097079bb0cbb8f5ef52281e2,Event Title 1059,music,Addis Ababa,False
84b627dd405390ba4464c3fe,Event Title 1060,art,Mekelle,False
d084269dc09a3e7fcce4a83c,Event Title 1061,art,Bahir Dar,True
e3efc10e9168a3bec125ad24,Event Title 1062,music,Bahir Dar,True
d1df8e997946cc98f0b1d8d0,Event Title 1063,sports,Addis Ababa,False
a3455b12cda5df165dfe56bb,Event Title 1064,music,Hawassa,True
cfa90eba41a6c957b93622bc,Event Title 1065,education,Mekelle,False
545650b8ecac6c8406c31abb,Event Title 1066,education,Mekelle,False
ba94761d462ab04c0d755b8a,Event Title 1067,tech,Mekelle,False
3514edbf5d195a4c5c985237,Event Title 1068,sports,Bahir Dar,False
be4218aeb06cf577cef514b2,Event Title 1069,music,Mekelle,True
e01370035b7d8c1952a8e0a4,Event Title 1070,music,Mekelle,False
20ea91f6f784b9f2f68762b8,Event Title 1071,education,Mekelle,False
b8c67bdce380dd1fcbfa98e7,Event Title 1072,music,Bahir Dar,False
e0aa92e474f7d4c688b02f47,Event Title 1073,sports,Bahir Dar,False
00d907968bc2cab166b5dda8,Event Title 1074,art,Hawassa,False
a0a73ab51d58ae52859dd554,Event Title 1075,tech,Mekelle,True
cb7c65760aec3fb5ff42726c,Event Title 1076,tech,Addis Ababa,False
309b6ece7de2d4c7604c471c,Event Title 1077,art,Addis Ababa,False
d4dd277aa3c3dec41f83c380,Event Title 1078,art,Bahir Dar,False
c4add9ce379fd9edc22857fb,Event Title 1079,tech,Mekelle,True
1914e51a0a14a2f75c1161b2,Event Title 1080,sports,Addis Ababa,True
77cc7e25d3e942370cf0de3e,Event Title 1081,music,Addis Ababa,True
875741a7357f74c779e7ab46,Event Title 1082,music,Addis Ababa,False
81a9511a63f5fb3b7fda8192,Event Title 1083,education,Bahir Dar,False
57d11be2d17580905b9b63ea,Event Title 1084,art,Addis Ababa,False
b47becfc2f09a5f97fd99698,Event Title 1085,tech,Bahir Dar,True
c7793600d837bb1cec4c9461,Event Title 1086,education,Hawassa,True
4a7e424b1b8def6ef5be2b9d,Event Title 1087,art,Hawassa,True
8680bc9055bddc6e4a9cf897,Event Title 1088,tech,Hawassa,False
1fe1dc991d26464cd8f65600,Event Title 1089,education,Mekelle,True
62ccd9de0cdfdfa9b89beb5a,Event Title 1090,art,Addis Ababa,False
45a60204caea718838072982,Event Title 1091,music,Hawassa,False
40ffb412f46d60ef8257b5d4,Event Title 1092,education,Mekelle,False
213f53bfaebe995a1ba2c77d,Event Title 1093,education,Addis Ababa,False
f6f330451e616ee7987aef40,Event Title 1094,music,Addis Ababa,True
ee377ddde5cac6d5e403ff8d,Event Title 1095,tech,Bahir Dar,True
577dd14d82a691c1963c6d6b,Event Title 1096,tech,Mekelle,False
f65eac2e94af7bd1361e3e12,Event Title 1097,sports,Hawassa,True
9c199dded799da151c9cf53a,Event Title 1098,sports,Mekelle,False
e206001b8f0e1f743c9f8c25,Event Title 1099,tech,Bahir Dar,False
600187b6e44b582d4feb2d89,Event Title 1100,tech,Addis Ababa,False
1ff7bbb028010f89bb8cabb0,Event Title 1101,tech,Bahir Dar,True
32dbe7f476cd62c6405bd784,Event Title 1102,education,Mekelle,False
e0385ba21e94f72a2e38368b,Event Title 1103,education,Mekelle,False
8e94a620f88db6013ba496ec,Event Title 1104,sports,Bahir Dar,True
f06f586eff546ee21281a174,Event Title 1105,tech,Bahir Dar,True
2cc6365314c4d6684d027094,Event Title 1106,education,Mekelle,False
31f99ae5e6dc89ad6216288c,Event Title 1107,sports,Hawassa,True
e3eec5e046eb4cbac52b93b7,Event Title 1108,sports,Mekelle,False
0a3a86cf7623e951cf68ad75,Event Title 1109,music,Bahir Dar,False
5f02b50e7eb575401fd11691,Event Title 1110,education,Mekelle,False
d8f6ac39aaa05b8e3b2e3fe5,Event Title 1111,sports,Mekelle,False
91ebd1c25a2cc4c8a2ee35c4,Event Title 1112,sports,Bahir Dar,False
3a3d3f6ad973dd87d5f32574,Event Title 1113,education,Addis Ababa,True
d6ed6e7848243c71a2a03adc,Event Title 1114,tech,Mekelle,False
edb0c3d177b527dab705ab99,Event Title 1115,education,Bahir Dar,True
43037fbe4d8f339e54641512,Event Title 1116,sports,Hawassa,True
8550c0e6972bc276d58782f8,Event Title 1117,education,Mekelle,True
46bfb56fb4f225ab9283178e,Event Title 1118,sports,Mekelle,True
b4fe51e15d425baefc5744d2,Event Title 1119,sports,Mekelle,True
6c6f7531901c653d5c787f4c,Event Title 1120,sports,Bahir Dar,True
eede1d383fadb415e16dcd21,Event Title 1121,education,Hawassa,True
2d46bb4823c389417c5a1e59,Event Title 1122,sports,Hawassa,True
5fa9f5dee85a57943ac1189d,Event Title 1123,art,Bahir Dar,False
464515df6c26fa8e71da70d6,Event Title 1124,education,Mekelle,True
27e925f0bec3a1102565337d,Event Title 1125,music,Mekelle,False
45989b6e9fd1d7920097b604,Event Title 1126,sports,Addis Ababa,False
0c7dc6341a47a776523f4db4,Event Title 1127,tech,Bahir Dar,False
81d539242cda8103ba5244ea,Event Title 1128,tech,Mekelle,True
b5c980bc9a50239e158219eb,Event Title 1129,art,Hawassa,False
07ba66529b6c95e4d07e9496,Event Title 1130,education,Bahir Dar,True
627fe6c46a156b6bcd39cd77,Event Title 1131,art,Addis Ababa,False
4205d22724a3193ab50b4a1a,Event Title 1132,education,Addis Ababa,False
ec8c5006ba7ae962426619a4,Event Title 1133,education,Mekelle,False
627bf064f48f7e0bafeb0ff4,Event Title 1134,tech,Addis Ababa,False
b34c58e0ba9489c787459783,Event Title 1135,tech,Bahir Dar,False
cd2e02029c7168e16d013136,Event Title 1136,education,Hawassa,True
b8a5d6ce1c4b7480dc100c2e,Event Title 1137,education,Mekelle,True
becf41a320b46080e2b08004,Event Title 1138,education,Mekelle,True
fbc81db9d1962c55b0eee62f,Event Title 1139,education,Hawassa,True
c4d63509fe5c37cff490e18f,Event Title 1140,art,Bahir Dar,False
73ce8bf50255d455c34be535,Event Title 1141,sports,Bahir Dar,False
ff85d73b9fd3e8cd20b39cd8,Event Title 1142,sports,Mekelle,False
5ebb4d34311c2218d290e27d,Event Title 1143,sports,Bahir Dar,True
8ddc6951519b450a5c13e6dd,Event Title 1144,education,Hawassa,False
427d2fe6f567c66f14cd34d5,Event Title 1145,music,Bahir Dar,True
94472d1dc28a8137861640b2,Event Title 1146,education,Mekelle,False
f0ab5a5c1143b7cdb36349db,Event Title 1147,sports,Addis Ababa,False
d6f8683a86561c3222ae59ab,Event Title 1148,music,Mekelle,False
2939808817b3f69bef307d11,Event Title 1149,sports,Hawassa,True
4f11625e969f2864d0c38527,Event Title 1150,music,Bahir Dar,False
265a3a3fe8d130f8c91981c8,Event Title 1151,music,Mekelle,True
2c8395096dd90d39cb3c8dea,Event Title 1152,sports,Bahir Dar,False
2bf5112b3167116c90b7ef36,Event Title 1153,sports,Addis Ababa,True
94e87687494fcec66ff74838,Event Title 1154,music,Hawassa,True
aad012971896fcdda8e0d3d1,Event Title 1155,sports,Bahir Dar,True
ece4baf45e542e5dee9ea295,Event Title 1156,music,Addis Ababa,False
4028d95de52a2caa6eda2c2c,Event Title 1157,tech,Addis Ababa,True
24b0af62b84f0a48f3307a52,Event Title 1158,music,Mekelle,False
a4f2ffb3e0667720358115f0,Event Title 1159,art,Mekelle,True
534594baf9f72ed942d8f4e8,Event Title 1160,sports,Hawassa,True
dec6ea97e169e6573e31f816,Event Title 1161,music,Hawassa,True
2867691bc5ad1d48b4bb717b,Event Title 1162,music,Addis Ababa,False
96910469ec4cb3e9c5a64854,Event Title 1163,music,Addis Ababa,True
d2fb7660dea96e27365c4b28,Event Title 1164,tech,Addis Ababa,True
4667c587320d58a72cc84f2a,Event Title 1165,tech,Hawassa,True
d776f0caad2c21b6f99dff27,Event Title 1166,art,Hawassa,False
6f1fa6c4d0ccdf6b006e01bd,Event Title 1167,sports,Hawassa,True
4662e8eca62724def3897a68,Event Title 1168,sports,Mekelle,True
62d629507cc49270da6e5eb3,Event Title 1169,education,Mekelle,True
cd72416a5e00d3b99d9b3241,Event Title 1170,art,Hawassa,True
18144236ce1c7478db529bc6,Event Title 1171,education,Hawassa,False
25c386fc07c44f18ab6bce9e,Event Title 1172,music,Addis Ababa,False
c2f107e2ae8efb1897730287,Event Title 1173,education,Hawassa,True
a8018cc3cf195bf28ce8bbc2,Event Title 1174,education,Hawassa,True
af82a057285af2ecb9dc7797,Event Title 1175,tech,Mekelle,False
4d8c05a561c5528fd9c8654f,Event Title 1176,art,Addis Ababa,True
a393b31efd501d9fe213452b,Event Title 1177,art,Addis Ababa,True
9d4376bf77187122de76c1aa,Event Title 1178,music,Addis Ababa,False
632b07e9870c3694e7b2366b,Event Title 1179,music,Addis Ababa,True
5e7827a0c52063ca285b30c4,Event Title 1180,art,Addis Ababa,True
c092fbf67ef46eebd8a3f4f0,Event Title 1181,education,Addis Ababa,False
39d9988b7843dfb1a5429a25,Event Title 1182,tech,Mekelle,True
022efff19cf2020cc04af030,Event Title 1183,music,Hawassa,False
6d0180e0d63364ae63fcd32b,Event Title 1184,education,Mekelle,True
ba70f12f52aced1c867cc3a0,Event Title 1185,sports,Hawassa,False
453b0580e17d58a225354f92,Event Title 1186,music,Bahir Dar,True
55083a0c6f7460282b9afbcd,Event Title 1187,sports,Hawassa,True
e8311c7db6d210c91e14dd05,Event Title 1188,tech,Mekelle,False
e426af60783e7f24fa245f75,Event Title 1189,education,Addis Ababa,True
db721c8c5a90179e9f54b177,Event Title 1190,art,Addis Ababa,True
54e4bb6abf2d6b768c3ddb13,Event Title 1191,tech,Hawassa,True
1cae253314b23d1f227d085c,Event Title 1192,art,Addis Ababa,True
33ce028218dc96e7e6b4f14c,Event Title 1193,sports,Addis Ababa,False
d0af43781c32deea1bb54461,Event Title 1194,sports,Addis Ababa,True
a8c4c6f1f691ec115f01f998,Event Title 1195,music,Addis Ababa,True
904fe7cf563f195f58e47f13,Event Title 1196,art,Addis Ababa,False
c7438bd10df4bc8ebb5ec4b5,Event Title 1197,art,Mekelle,True
b772573b838191b71b24600f,Event Title 1198,tech,Mekelle,False
7bee9414a44d492474b74d32,Event Title 1199,art,Hawassa,False
8db0a32c687fa2e6b11a168b,Event Title 1200,music,Hawassa,True
03031d3adf601ed6fec997f5,Event Title 1201,sports,Bahir Dar,False
b69255017b648807d666b5e6,Event Title 1202,tech,Bahir Dar,False
920527e4f16fd27b277ef418,Event Title 1203,tech,Addis Ababa,False
9db07f28cfb6085cfb30ffc1,Event Title 1204,sports,Mekelle,True
90cb572361befe6db4a97f3f,Event Title 1205,tech,Bahir Dar,True
ef4e0270334c804e74931897,Event Title 1206,art,Addis Ababa,False
6920399041d912aaed4a8a01,Event Title 1207,art,Hawassa,False
3076ca93076aef652c45e04f,Event Title 1208,education,Hawassa,True
becb7869045b524134c2dce0,Event Title 1209,education,Hawassa,True
663234ef0db6d94d28bcabb8,Event Title 1210,education,Addis Ababa,True
9de48512bcd9bea325ab208d,Event Title 1211,music,Mekelle,True
923786fca53dbd68ab25a047,Event Title 1212,tech,Addis Ababa,True
80eb46a366540abd8fb802c8,Event Title 1213,tech,Mekelle,True
d8df561bed4b06fc92112084,Event Title 1214,education,Bahir Dar,False
1b2d758c4e675a9edd21d748,Event Title 1215,tech,Mekelle,False
8c77432cd4dc4ade4486ba0e,Event Title 1216,education,Addis Ababa,False
8783b89f349de56f21df0e07,Event Title 1217,sports,Hawassa,False
59193e9d895e87cfbac10608,Event Title 1218,art,Hawassa,False
ae59dbfa5e06d6b09b3ecee6,Event Title 1219,music,Mekelle,False
32e51ddc5fa3b7e863edc623,Event Title 1220,tech,Bahir Dar,False
4fd29b0f2e88d0c2c7de5bcd,Event Title 1221,education,Bahir Dar,False
758aa3b02dc0f4583a500225,Event Title 1222,art,Hawassa,False
5dfacc34577d53374e2d7ed8,Event Title 1223,music,Addis Ababa,False
07cce7e9942332121d8bb807,Event Title 1224,education,Hawassa,True
3779fa15fadd2328c5130acc,Event Title 1225,sports,Mekelle,True
7c3ac4c1b69de13c90c5819a,Event Title 1226,sports,Hawassa,True
8b4f659c1ff286d68a291b64,Event Title 1227,art,Bahir Dar,True
a529181c0646ee342d0b96fe,Event Title 1228,art,Addis Ababa,False
d76701174d1715697429d152,Event Title 1229,education,Addis Ababa,False
fa20299ed95f771275a04c60,Event Title 1230,art,Hawassa,True
e2ee85cccb6d306dfa733b49,Event Title 1231,art,Mekelle,True
e6b305be2c0ff7763a162609,Event Title 1232,sports,Bahir Dar,False
875f94b0fb1a97d0b9f1fe5e,Event Title 1233,art,Mekelle,True
fd86b7594212be93eb07c09a,Event Title 1234,music,Bahir Dar,True
b29d018d9c3fda7cc9a98401,Event Title 1235,music,Mekelle,False
0df3cc1a0ce21f0c17809909,Event Title 1236,education,Addis Ababa,False
8882ddbd011553c6664114ce,Event Title 1237,sports,Hawassa,True
d8d87610cc546842df83a4a4,Event Title 1238,music,Bahir Dar,False
cdfe2afae696b0d1741f39f3,Event Title 1239,education,Mekelle,False
761fac2c1d823123c8fdd163,Event Title 1240,education,Mekelle,False
7f449c597d1c46a66489f0cc,Event Title 1241,music,Bahir Dar,False
76d46f620a7f8964cc679728,Event Title 1242,education,Addis Ababa,True
c58e67e1f1a8334a12c81c58,Event Title 1243,sports,Mekelle,True
67ee2d569b9224e42ea4f029,Event Title 1244,music,Bahir Dar,True
9987c967b2d6e9a2cf23aa72,Event Title 1245,music,Mekelle,True
7a00d36081148e7606595902,Event Title 1246,music,Addis Ababa,True
a8620d278df477770a12e4d6,Event Title 1247,tech,Addis Ababa,True
fd30856d4fbdb0ccac23d839,Event Title 1248,education,Addis Ababa,False
3c49df68cb005c8150e534e0,Event Title 1249,sports,Addis Ababa,True
8da700af26f314906468af51,Event Title 1250,art,Addis Ababa,True
e1010de4da7bd3059fa08034,Event Title 1251,sports,Hawassa,True
7a7904385d36fe5c1d6a741a,Event Title 1252,sports,Hawassa,False
f074c7a370988163bf61d430,Event Title 1253,tech,Hawassa,False
58f93928a691d8f4ab522d5f,Event Title 1254,sports,Hawassa,False
a2e327feaa09aff0fa8dea60,Event Title 1255,tech,Addis Ababa,True
3e176783b7d3886c43b5d420,Event Title 1256,music,Addis Ababa,True
890ca6a525c9d8fb8683cbd7,Event Title 1257,tech,Addis Ababa,True
b2cea3ee9ceb68914c069f37,Event Title 1258,tech,Addis Ababa,False
d780aa1880cc5803107c0362,Event Title 1259,sports,Addis Ababa,False
c19dd80ca68f01646ee07883,Event Title 1260,education,Bahir Dar,False
7e9eedbc1e1d758f119cf812,Event Title 1261,tech,Mekelle,False
b65da71d35fb7af866b2ce9a,Event Title 1262,education,Mekelle,False
f981f8fe9dfba8730203916c,Event Title 1263,education,Addis Ababa,True
785f991c7d1a7790d35e668d,Event Title 1264,education,Addis Ababa,True
e695606c2a42432fcf1fba01,Event Title 1265,art,Mekelle,False
73061b32d4024dd1ef3c5b12,Event Title 1266,music,Addis Ababa,True
0b1d98ec79e9d8872972ef52,Event Title 1267,education,Addis Ababa,True
84d40581a61568275f34d9f8,Event Title 1268,education,Addis Ababa,True
3f2126896666c01a6276bbb6,Event Title 1269,sports,Hawassa,False
5b82a9b2a0afe271a169ef66,Event Title 1270,art,Addis Ababa,False
3857413f894c43acf568e22f,Event Title 1271,sports,Addis Ababa,False
6ebd069aa1b464a1e1ca81ec,Event Title 1272,tech,Addis Ababa,False
28bba8004179029977541a0a,Event Title 1273,tech,Bahir Dar,True
5cae4f252fb6ecb0ca41b6d2,Event Title 1274,tech,Bahir Dar,False
ae8a01f8550135eb2fffa1b7,Event Title 1275,education,Addis Ababa,True
dfb243bfe0b6cda746f5095a,Event Title 1276,sports,Addis Ababa,True
8b6942186dfe17e83da546f2,Event Title 1277,education,Hawassa,True
96bf4f6a4de094b4fffbbb80,Event Title 1278,music,Mekelle,False
76d9838b46c3a24173547d2e,Event Title 1279,tech,Mekelle,True
e84805bf36f2d223accb10c5,Event Title 1280,music,Addis Ababa,False
dfb7f7b1f3c5a469b74ffda2,Event Title 1281,tech,Addis Ababa,True
a93ee0502e8692162fb8e121,Event Title 1282,music,Hawassa,True
b9d724a910a727e624c33493,Event Title 1283,education,Hawassa,False
19a47eeea5684bde4b557cce,Event Title 1284,sports,Mekelle,False
4945913ed3903eeee633a938,Event Title 1285,sports,Mekelle,True
10ef9321bf99e90738a5445a,Event Title 1286,tech,Mekelle,True
ce2b394dfba51fca05780857,Event Title 1287,education,Mekelle,True
4ff45206879685e2ae52f0b0,Event Title 1288,education,Bahir Dar,False
398d022e438a79d53b2b4c48,Event Title 1289,art,Addis Ababa,False
6bbe43ecb82cd7046a952443,Event Title 1290,sports,Bahir Dar,False
07a980821dc4cf7dce239ffb,Event Title 1291,music,Bahir Dar,False
1373887c33dc31af7d290b06,Event Title 1292,education,Addis Ababa,False
cc5b07f050c1cffca948978c,Event Title 1293,education,Addis Ababa,False
8c672f8c6b87bad2ab4b6ff8,Event Title 1294,education,Addis Ababa,True
f8cdd8ee860e575ee7e6e70a,Event Title 1295,sports,Addis Ababa,False
b749ab73221f7ead2bfee0bc,Event Title 1296,tech,Bahir Dar,True
c4f2e0ecd82d5138c063914f,Event Title 1297,art,Addis Ababa,False
b78bb8ba3d846ffc5ecc8808,Event Title 1298,education,Addis Ababa,True
1ac32457a985ad594fdecfe2,Event Title 1299,tech,Hawassa,True
0982b1cbf22967e1e7477440,Event Title 1300,art,Addis Ababa,True
4e2d64e3edbbb60fa103c7e4,Event Title 1301,sports,Hawassa,False
d4f3c7a0f8cd559e3f8a5a6f,Event Title 1302,art,Addis Ababa,True
7c9d838d84ddfa16f44ac060,Event Title 1303,sports,Bahir Dar,False
b3458425fb1bf3be37d14e96,Event Title 1304,tech,Addis Ababa,False
a6aa28200d94ba27d67c6b98,Event Title 1305,art,Addis Ababa,False
b83f8a0b5ab10b10220e00a1,Event Title 1306,sports,Addis Ababa,False
5951f930f1d717d622246396,Event Title 1307,music,Hawassa,True
298b97b540cd50a32e98798a,Event Title 1308,education,Mekelle,True
c1c8edb83239f9e18694fc45,Event Title 1309,tech,Addis Ababa,False
5e6c5183578a8f8c87e3b9fb,Event Title 1310,art,Hawassa,True
4d64047a1e87e9a30f507117,Event Title 1311,tech,Mekelle,True
d1c56576da2a3fbe0fcf64bb,Event Title 1312,art,Mekelle,True
a5c48f907dfa7db32c88c94c,Event Title 1313,music,Mekelle,False
19cb40ef2f0e394c8ec20ceb,Event Title 1314,tech,Addis Ababa,True
042236e643c8ed099ccfdaf2,Event Title 1315,education,Addis Ababa,False
faf8081a33028588a24cc753,Event Title 1316,art,Hawassa,True
c13e18202f8e72b7d6e92d27,Event Title 1317,sports,Mekelle,False
087cb78d0c4d0958c7e83064,Event Title 1318,tech,Addis Ababa,False
fecc4b05629e3e22d20fd77f,Event Title 1319,art,Hawassa,True
6ffa0ad20baa8ea171137fc1,Event Title 1320,music,Hawassa,False
bfc6e5a0bfc4b9706182f2c9,Event Title 1321,art,Mekelle,False
e0e9e401ff3146a2fb016430,Event Title 1322,tech,Bahir Dar,False
f027a061efc5af0b084266d1,Event Title 1323,education,Mekelle,True
aa0454b6372842985ba8eed0,Event Title 1324,tech,Mekelle,True
270d226226f181433179008e,Event Title 1325,sports,Hawassa,True
baec49e7f30f1fc232540f42,Event Title 1326,music,Bahir Dar,False
45aae371d224e4210e02d535,Event Title 1327,education,Hawassa,False
b44d29d088e3dbb023f4cd65,Event Title 1328,sports,Bahir Dar,False
8b1cd5681021fd6466f3a30e,Event Title 1329,sports,Mekelle,False
ff1c33d89d09031f3257b4d9,Event Title 1330,education,Addis Ababa,True
1f1acee0c846f6465fec446c,Event Title 1331,tech,Hawassa,True
995c924f279c743b0233b431,Event Title 1332,art,Addis Ababa,True
6c0f1883df4413f2cb540dce,Event Title 1333,sports,Mekelle,True
fc9038093422fd45bc867e8c,Event Title 1334,art,Addis Ababa,False
31ddc513282cbb5a1dfa304a,Event Title 1335,music,Mekelle,True
1955ee56086c4e9d79e35aa0,Event Title 1336,education,Addis Ababa,True
20999ca5ddfb654839567c98,Event Title 1337,education,Bahir Dar,False
05681b483425e261742cd230,Event Title 1338,tech,Addis Ababa,True
be84b62e83d5d693f5675fdb,Event Title 1339,tech,Hawassa,False
5caaa53e55c88feb433bd8bd,Event Title 1340,music,Mekelle,True
1b23506e2612e0e0480fd83e,Event Title 1341,art,Bahir Dar,False
55d56b89671709c49ddc08b3,Event Title 1342,music,Addis Ababa,False
becd945c875b0463150314e0,Event Title 1343,education,Addis Ababa,True
3226ec8acfd1743997f9feb6,Event Title 1344,sports,Hawassa,True
e6da32a933748b546cc198e9,Event Title 1345,tech,Mekelle,False
e94ef78dab0a972a31631fb1,Event Title 1346,tech,Mekelle,True
80a7d344a5ff7cfff50587d6,Event Title 1347,art,Hawassa,False
3057571c1f6f6d4e24176a0c,Event Title 1348,sports,Hawassa,False
ae1b1e0be8ebbbc9ed6b8017,Event Title 1349,art,Mekelle,False
aae1e3a1537676d78d4897d9,Event Title 1350,art,Addis Ababa,True
31aacd52c67f6f417b214c02,Event Title 1351,education,Bahir Dar,True
45c510ad313ba62d2cb3e2b9,Event Title 1352,tech,Mekelle,True
85de36d45566b0066b9b3a73,Event Title 1353,education,Bahir Dar,False
4587e787a9a32b48a5b9bc3d,Event Title 1354,music,Hawassa,False
5159a1341c2425993477ef1a,Event Title 1355,music,Addis Ababa,False
53d5731e4f3a4bae5f0ea4db,Event Title 1356,music,Hawassa,True
2f889797b9946c3c0ddc2413,Event Title 1357,art,Bahir Dar,False
b8a08120c23b29335ac274bb,Event Title 1358,sports,Mekelle,False
9cbb7f64397598c9d0394fc9,Event Title 1359,education,Addis Ababa,False
5d060991e9e7f6ce4c84d2ed,Event Title 1360,education,Bahir Dar,False
2404a742fa14223f84504f8a,Event Title 1361,education,Hawassa,False
3b46864d3579108914ae3e00,Event Title 1362,art,Addis Ababa,True
fda9ee14b8d96bb7a330e0df,Event Title 1363,tech,Addis Ababa,True
190c0d87d7d614a01c69c92e,Event Title 1364,education,Addis Ababa,False
2c324bfa1cdf992e31cf2bf0,Event Title 1365,sports,Mekelle,True
602eef2c98c3b08cb58e4c8c,Event Title 1366,music,Bahir Dar,False
5e2c980ddd8239842f09e341,Event Title 1367,music,Mekelle,False
f858578cf770579d7bcf639e,Event Title 1368,tech,Hawassa,True
683c452930e25c075e3ee084,Event Title 1369,art,Bahir Dar,True
4f59d771ba3db249545d089d,Event Title 1370,sports,Mekelle,False
64ffd376a2a0e721664339de,Event Title 1371,education,Mekelle,True
6e14f42ec9fb6b958a64f1a2,Event Title 1372,music,Bahir Dar,False
612f4e3d8eeb29caca525141,Event Title 1373,sports,Mekelle,True
a11a1823edba84dc2b0130eb,Event Title 1374,tech,Bahir Dar,False
424ef99f5c1f2759ec692f93,Event Title 1375,art,Bahir Dar,False
dca67683a67b77ae50ca3fe0,Event Title 1376,education,Mekelle,False
6169c7427fa5ffa8c8d3654b,Event Title 1377,art,Mekelle,True
5c85528d173c801e450f98f8,Event Title 1378,sports,Mekelle,False
a120d2fcfe848d9006002103,Event Title 1379,music,Addis Ababa,False
9c9b750380a741824354deb7,Event Title 1380,tech,Bahir Dar,False
a91d7a4593b4c9442daccc9d,Event Title 1381,art,Addis Ababa,True
de89d114e68537d7965d06e5,Event Title 1382,sports,Hawassa,False
ab9b7c21fde91e2fd5361c3b,Event Title 1383,sports,Addis Ababa,True
de690ddddf60f67347e6b77e,Event Title 1384,sports,Addis Ababa,False
afca91bb426d28db49d4af23,Event Title 1385,art,Addis Ababa,True
f88a78915cee0dfbf54f6220,Event Title 1386,sports,Bahir Dar,False
12ebea488058bf3575afcce5,Event Title 1387,music,Addis Ababa,False
5ec80e9a6ba69917e8266ac9,Event Title 1388,sports,Mekelle,True
1bb34769c289e981ee5567ac,Event Title 1389,education,Addis Ababa,True
35fe413983b5e228c0984aed,Event Title 1390,music,Hawassa,True
9bdbf894e3f6a7f8ddd06ee3,Event Title 1391,music,Mekelle,False
3f58b0dfe06ec9a988611563,Event Title 1392,tech,Bahir Dar,True
8277dfef4a6d6a82e844a5ae,Event Title 1393,sports,Bahir Dar,True
4ed5d1c7429d086382c93482,Event Title 1394,education,Mekelle,True
19af09ef88379cb743587d07,Event Title 1395,art,Hawassa,True
2dc95877864e6245640699ad,Event Title 1396,education,Hawassa,True
8a8bed441656c4508ef446e0,Event Title 1397,education,Mekelle,True
8d5f0e6dd76890ff0ad36693,Event Title 1398,sports,Bahir Dar,False
682b78917714adc3b4cf6b0d,Event Title 1399,education,Mekelle,False
a13ddee620cec3501f28e9eb,Event Title 1400,music,Addis Ababa,True
d3779b7b4fc635f37caae168,Event Title 1401,sports,Mekelle,True
3f5cd3623f7d0ea98fb44f85,Event Title 1402,music,Hawassa,False
0f6d46954cfc94ebe4182b7e,Event Title 1403,tech,Mekelle,False
14797374a0db3801337ebfd9,Event Title 1404,music,Bahir Dar,True
eee3b52a5ee944a7516dbbd9,Event Title 1405,sports,Addis Ababa,True
f11f45b0f767625c583642f9,Event Title 1406,tech,Mekelle,False
ba2d3b14d8cf45b9ee70c101,Event Title 1407,art,Mekelle,False
d0d6f33b98e1e1ac2ff6ca5a,Event Title 1408,art,Hawassa,True
f61e4ecb4ca45132f43aa674,Event Title 1409,art,Hawassa,False
9b3e6257160f62a9b4cd2259,Event Title 1410,education,Addis Ababa,True
1ae15cdbfb6f59e25b26ff6f,Event Title 1411,sports,Addis Ababa,False
4dea028a0d9f0f1073a88417,Event Title 1412,art,Addis Ababa,True
cafa1df1e2386856d896c348,Event Title 1413,art,Mekelle,False
69d52f547436dcfae2dee9a5,Event Title 1414,tech,Hawassa,True
e686e715a836335b97301b9d,Event Title 1415,education,Hawassa,False
437120031e9e0b434b5b4777,Event Title 1416,education,Bahir Dar,False
42f4545539d0bd5f5f3ed87b,Event Title 1417,sports,Mekelle,True
41c68edd1de9f34d7a78337c,Event Title 1418,education,Hawassa,True
7bb8c6691267ef532af9f97c,Event Title 1419,education,Mekelle,True
eb04a1c36c7c918245916d2d,Event Title 1420,art,Mekelle,False
4de95359efb73b19143a5b5a,Event Title 1421,music,Bahir Dar,True
c80403f06acf592171aee5a3,Event Title 1422,education,Hawassa,True
d391f0aeebc50c6aa39f5c9d,Event Title 1423,education,Bahir Dar,True
0330ddfe7f00c0bc162b501b,Event Title 1424,sports,Hawassa,True
86d7e89171e0d00380b66675,Event Title 1425,sports,Hawassa,True
ae43209b141db3037853152d,Event Title 1426,education,Bahir Dar,True
76e09d6964bb12535f328cae,Event Title 1427,education,Hawassa,True
e56bec1c0644d0567c46de48,Event Title 1428,tech,Mekelle,True
e6ae70bee2126b27c3e1078e,Event Title 1429,education,Bahir Dar,False
aa76c451a65b237d0ff65e5a,Event Title 1430,tech,Addis Ababa,True
63d8f4ec2a6dffecdf8fcd27,Event Title 1431,tech,Bahir Dar,False
5a45aa458b6e4e1d4a2fec65,Event Title 1432,tech,Addis Ababa,False
272cc608a93fdce0e8f45821,Event Title 1433,education,Bahir Dar,True
afa8c5ff8726c7e1ade0703c,Event Title 1434,sports,Mekelle,False
9e336119a8362a8cee1c8ce2,Event Title 1435,art,Hawassa,True
22a16f61e96faaed27aee72c,Event Title 1436,education,Bahir Dar,True
02bdeb5fde25dfd6b6b388a8,Event Title 1437,education,Bahir Dar,False
0c1f5cc1e57e4304846be24f,Event Title 1438,art,Addis Ababa,True
558ded8935da73376540c7c3,Event Title 1439,sports,Hawassa,False
cd088da5a971e70d125010cf,Event Title 1440,art,Mekelle,True
3c86c4787dba41bbeeefd317,Event Title 1441,music,Hawassa,True
4a8a87de50f34a148cfade80,Event Title 1442,art,Mekelle,False
9098b0747e25ac8e102e7a07,Event Title 1443,music,Bahir Dar,False
09ce9dd225860d5ee3bdc8ae,Event Title 1444,art,Hawassa,False
5e58c2879c945580377796f8,Event Title 1445,music,Bahir Dar,False
6616fec909c07bc07c116db5,Event Title 1446,art,Bahir Dar,True
35d163e7cd71d8b4f04d2058,Event Title 1447,music,Hawassa,True
2724be39d118e493a51cbc94,Event Title 1448,tech,Hawassa,False
b04bf30f3fb12be6edfe458a,Event Title 1449,education,Mekelle,False
dbb6f0bb4a0d085e6d205f84,Event Title 1450,music,Hawassa,False
03e5fc5eace01a16d9b3a120,Event Title 1451,tech,Mekelle,True
5fb69f8a669a360793f173b6,Event Title 1452,art,Addis Ababa,False
95b814c60ddcc45a6cbf7faf,Event Title 1453,music,Mekelle,False
24b63e4058ac04b41b69f8cf,Event Title 1454,sports,Addis Ababa,True
9b6c4d25199f5df16c95967f,Event Title 1455,tech,Hawassa,False
148ef21d5add205692764bc2,Event Title 1456,education,Bahir Dar,False
e42ba2c371c8b90329fce06b,Event Title 1457,education,Bahir Dar,True
8ac73316d47af99c7466d2d4,Event Title 1458,music,Bahir Dar,False
17ae294b48ab1e0341493abf,Event Title 1459,sports,Hawassa,True
71ad31ddff083cfa5bed3f55,Event Title 1460,art,Addis Ababa,True
c23fc1e770342ada7d67b6c7,Event Title 1461,art,Bahir Dar,True
b4b6d0bc250c58172a4d9145,Event Title 1462,music,Bahir Dar,True
49dc8ae49d1f35c6edb64d69,Event Title 1463,tech,Hawassa,False
0213d0b5088ed5c24abbc2e9,Event Title 1464,music,Mekelle,False
1b25c7c23235df10df222c7d,Event Title 1465,education,Mekelle,False
6dd70238315ad035771d47da,Event Title 1466,sports,Mekelle,True
27ce3cdc3a15503fd789d94b,Event Title 1467,music,Addis Ababa,False
d2d9f426cb34c64ee427a4c5,Event Title 1468,art,Addis Ababa,False
c820b70ff9309a22d1426a97,Event Title 1469,music,Addis Ababa,False
73dee60d5a4b770dffb3e012,Event Title 1470,music,Addis Ababa,False
e0e586bd90213c26b4b62f92,Event Title 1471,sports,Addis Ababa,False
eb9ab84f6eb4d3af2d79e94a,Event Title 1472,tech,Mekelle,False
1c3db7f7ff12a5b1c03429d6,Event Title 1473,education,Hawassa,True
26adf6161c71cc7327f45849,Event Title 1474,art,Addis Ababa,False
9213df663afcab29c22fcc86,Event Title 1475,sports,Mekelle,False
3c5db5211731e7a2df117efa,Event Title 1476,art,Bahir Dar,True
afe4a1f841e1e205a4c854c2,Event Title 1477,education,Bahir Dar,False
0364d9406cfd76bdfeef0e19,Event Title 1478,art,Addis Ababa,True
1361d987848b4800a37efd24,Event Title 1479,art,Hawassa,False
2b0a929464d93a2058781e6b,Event Title 1480,tech,Bahir Dar,False
e51b1118395fa991d5c072da,Event Title 1481,education,Hawassa,False
bbc3b34c9c42439ab0e91f4a,Event Title 1482,music,Hawassa,True
4aa3b7eb6e2dd2a924da54a6,Event Title 1483,education,Hawassa,True
6ce712690b6427eb1714d1c5,Event Title 1484,tech,Mekelle,True
cd4c3864edcd62354f3fd3ea,Event Title 1485,sports,Bahir Dar,True
357752ad804892c0f690be70,Event Title 1486,education,Hawassa,True
8728d9f14d9f22af5bcfa1ed,Event Title 1487,art,Bahir Dar,False
99563a5eaae174e86fdac35f,Event Title 1488,tech,Bahir Dar,True
8501533f84bf6c4e17361ac5,Event Title 1489,music,Addis Ababa,False
5fc2cb6f2105c38586b5d2d2,Event Title 1490,tech,Hawassa,False
2d41388333f5517cc64a277b,Event Title 1491,music,Hawassa,False
1a2414f9b84d7f64da91f85d,Event Title 1492,sports,Mekelle,False
b84f206ee7f93417f5699700,Event Title 1493,tech,Hawassa,False
bd8069ac13ab319533ed906a,Event Title 1494,education,Hawassa,True
7331d3ae0144fdd434885010,Event Title 1495,art,Addis Ababa,False
986390fd42cb535e3167354c,Event Title 1496,tech,Bahir Dar,False
6a13f052bc0622293e68cfa4,Event Title 1497,art,Addis Ababa,True
df1fedcc15ba8f2dfe472df5,Event Title 1498,art,Mekelle,False
a8a067588f69dc9097c4afe6,Event Title 1499,tech,Bahir Dar,False
97c8abdfed90713268c96a4c,Event Title 1500,education,Bahir Dar,False
1aa89aa14e19fb3a7773cf6c,Event Title 1501,tech,Addis Ababa,True
e1aa5c8bdb4942f148e47e1e,Event Title 1502,art,Bahir Dar,False
1cc32decccb54fc11f5d1e8b,Event Title 1503,music,Addis Ababa,False
9083392f3230b922dbf5e43c,Event Title 1504,art,Mekelle,False
3dd138f73105ab39b4e7ac40,Event Title 1505,education,Mekelle,True
22a23ab399df9dc1af1f508c,Event Title 1506,tech,Mekelle,False
6a3277d79ca5df2cf3e4fd24,Event Title 1507,music,Addis Ababa,False
b043d269169ff238e895b3c9,Event Title 1508,education,Addis Ababa,True
eb0758b564e9151b110e1658,Event Title 1509,education,Addis Ababa,False
c3e6539b1fe11f7dda0286a6,Event Title 1510,music,Mekelle,True
5246fa1f22ee5e37bd38c7e6,Event Title 1511,education,Mekelle,False
77f2b200727636b5297a389f,Event Title 1512,education,Hawassa,False
565663c6882d6dee2d2b4ba7,Event Title 1513,art,Bahir Dar,True
7e7b87a74b743c3ff9f83189,Event Title 1514,music,Mekelle,True
15684fba01828149350bc6e0,Event Title 1515,music,Hawassa,False
96d4276e16ca14a3c662a63b,Event Title 1516,tech,Addis Ababa,True
247b302cc80d2aa3518f9651,Event Title 1517,music,Bahir Dar,False
256bc6c94ef258514d03419e,Event Title 1518,sports,Hawassa,True
91059d2fd7ae3f21040dddb5,Event Title 1519,sports,Addis Ababa,True
bfcd677cb0b5c59372e72ff5,Event Title 1520,sports,Addis Ababa,False
73eec167d95c679513cc038d,Event Title 1521,education,Addis Ababa,False
3350cab49ef3f766e94c9159,Event Title 1522,sports,Hawassa,False
9186f81e347c4727bb484870,Event Title 1523,education,Bahir Dar,True
ff15d3a3554572cd5a206ccd,Event Title 1524,sports,Hawassa,False
8d995ed4c046df3304a1e820,Event Title 1525,music,Hawassa,False
64fed06ded6e817e0283f89c,Event Title 1526,education,Hawassa,False
4645ec39850674cf20def9bc,Event Title 1527,art,Addis Ababa,True
1ae3a795e4078b7d53ace972,Event Title 1528,art,Hawassa,False
8f6f0225ce19cceb33f16bb6,Event Title 1529,education,Mekelle,False
f7c9e6a264b59dd6c11c7b9f,Event Title 1530,sports,Mekelle,False
7646aadd79054b2f136b5257,Event Title 1531,art,Mekelle,False
e29fa5071b5cd71bb528a955,Event Title 1532,sports,Addis Ababa,True
e409d39b76ea9bbb2df182db,Event Title 1533,art,Mekelle,True
9cb2303392107870be327051,Event Title 1534,education,Bahir Dar,False
90fbd03b273131784bdbea98,Event Title 1535,sports,Addis Ababa,False
35fbf9aa526bc3708153ee85,Event Title 1536,tech,Bahir Dar,True
5213263dada89ba304a28dd5,Event Title 1537,music,Bahir Dar,True
fa32c34b2e837aa02797f0f1,Event Title 1538,sports,Hawassa,False
a08a2dd77d5cf34d31907358,Event Title 1539,sports,Bahir Dar,False
47f09179a21f4af6ea16dc35,Event Title 1540,art,Bahir Dar,False
351d1ded742cdb4f0fdd899f,Event Title 1541,sports,Hawassa,True
647c476e4b756ffc21f0a942,Event Title 1542,tech,Bahir Dar,False
ccd661dc812c2311f65d9e79,Event Title 1543,tech,Mekelle,False
4418d8b2a90cdc9ea2183d6e,Event Title 1544,art,Addis Ababa,False
c46755d55baf92aa10a823e3,Event Title 1545,art,Hawassa,False
7720024ae2de86362f79431c,Event Title 1546,music,Mekelle,False
bc758c9d484c40a4f62a064b,Event Title 1547,education,Bahir Dar,False
d4dfa4215c595f52ca819875,Event Title 1548,education,Mekelle,False
2720e0be683fcdb88beaaed2,Event Title 1549,art,Bahir Dar,False
813cc416d04e31f52f3a20c8,Event Title 1550,tech,Addis Ababa,True
36831ca142168dd1c67e1d74,Event Title 1551,tech,Hawassa,False
25ee68a462b7ee030df12df9,Event Title 1552,tech,Hawassa,False
cd00a72216ecd21f878404d1,Event Title 1553,tech,Bahir Dar,False
a1adff5cf1bc2a25324649e5,Event Title 1554,tech,Addis Ababa,True
322d931facc1a7428b4a2b53,Event Title 1555,music,Hawassa,True
cdecaa741a93bd823edc7334,Event Title 1556,education,Bahir Dar,True
2b3d07e4561826ea95a42216,Event Title 1557,art,Bahir Dar,True
75b0982b83b192afd84b1d1d,Event Title 1558,music,Bahir Dar,False
af21afc63d09b44018d870f5,Event Title 1559,music,Bahir Dar,False
ae596dc4504442791f249bef,Event Title 1560,education,Hawassa,True
d44977063371feca3e7ce48d,Event Title 1561,education,Hawassa,True
d843d0f75802e461697f3723,Event Title 1562,sports,Hawassa,False
93c6c76e13b208a35dbd0bc3,Event Title 1563,sports,Hawassa,False
a1373b43aec86ed3f56c1f84,Event Title 1564,art,Bahir Dar,True
3c9a98db190827095c22d369,Event Title 1565,sports,Mekelle,False
8310cded5ea4208d3a3cb721,Event Title 1566,tech,Bahir Dar,False
7735415363d2a9026773be09,Event Title 1567,tech,Addis Ababa,True
4f5bb27df72f306375f077d9,Event Title 1568,art,Hawassa,False
4dc69218273af3504edb4869,Event Title 1569,education,Hawassa,False
e3d87614d01df8a7bce09a37,Event Title 1570,education,Hawassa,True
8a45500275b564c743c76126,Event Title 1571,sports,Bahir Dar,True
c3f76078674347ddfbccfef6,Event Title 1572,art,Hawassa,False
bf302df1467bc887592084d5,Event Title 1573,music,Addis Ababa,True
3ccac520b15425cca0f7d048,Event Title 1574,education,Bahir Dar,True
fbc971ae75e6bc6e1bfeb438,Event Title 1575,tech,Mekelle,False
c23e62f72ebd57c38cbc7ad3,Event Title 1576,music,Bahir Dar,False
b2dd2c594019dc40c5973b14,Event Title 1577,sports,Mekelle,True
3a263c552724b452e1f28bde,Event Title 1578,education,Bahir Dar,False
201a9330fe39f0afb6a95b74,Event Title 1579,art,Addis Ababa,True
7bf51cb5010c205cd014649e,Event Title 1580,music,Hawassa,True
a8092edf5355ba0abd30b89e,Event Title 1581,tech,Hawassa,True
7fc6586ab8cfce00ba2b8096,Event Title 1582,sports,Hawassa,True
2cf0ed02eaaa1cfe8dd9e9a7,Event Title 1583,sports,Bahir Dar,True
64eb17ca08953e04b4bbacff,Event Title 1584,sports,Mekelle,True
442f3e55ed0e019ad5e4d261,Event Title 1585,tech,Bahir Dar,True
8bffbd3ca66505a15dd73c06,Event Title 1586,education,Mekelle,True
76b978f164bd077abdbece1c,Event Title 1587,sports,Mekelle,False
aa3fece91cfdd9394fd0f239,Event Title 1588,art,Mekelle,True
f890488ea2f75994971077c5,Event Title 1589,sports,Bahir Dar,False
f3d041a95942aa13714e3a59,Event Title 1590,tech,Bahir Dar,False
ba989cbcdcd8a210fa6ce950,Event Title 1591,tech,Bahir Dar,True
4984127cc34ab90d14d6f9c0,Event Title 1592,education,Bahir Dar,False
e7a135a12a9c69aa509b8ee7,Event Title 1593,music,Hawassa,False
c4fee97bde66ad6ed0a35c4e,Event Title 1594,art,Addis Ababa,False
70ab863e84a77364c2ab3692,Event Title 1595,tech,Mekelle,False
0c3b02b6a2cf8224ace65101,Event Title 1596,tech,Bahir Dar,True
7b8c70734c55306bb8c97820,Event Title 1597,music,Hawassa,False
fe15a7e778f8dcf942978008,Event Title 1598,sports,Addis Ababa,True
39ea1d35273f3d601647a266,Event Title 1599,sports,Mekelle,False
cbcb25c496666778744de78e,Event Title 1600,music,Bahir Dar,True
4a0d4b04b1a848cdfffad00d,Event Title 1601,tech,Bahir Dar,False
b266812d937312f041a6ff9f,Event Title 1602,art,Addis Ababa,True
b01a69d11ead2ebbf2d76139,Event Title 1603,tech,Hawassa,True
6b9c8bfa26de7d28e1ee6c06,Event Title 1604,education,Mekelle,False
9789f5ed2ba1dba3f300a917,Event Title 1605,music,Bahir Dar,True
a8d2a613cc46a95318cf6d37,Event Title 1606,sports,Mekelle,False
6101e0f1fbb19bea37b66453,Event Title 1607,art,Addis Ababa,False
80f42f0f48fd585bae7fed7e,Event Title 1608,education,Addis Ababa,True
f10a989dc4c6387d6918d94a,Event Title 1609,music,Mekelle,True
072f5eb3ca106304c5457b07,Event Title 1610,education,Bahir Dar,False
41a3d7208aee073509e3a75f,Event Title 1611,art,Addis Ababa,True
24a83e2d73c5e55dc9d03b61,Event Title 1612,sports,Addis Ababa,False
c813eea22ee7240e8fa142e8,Event Title 1613,art,Bahir Dar,True
09d5ccaf3d4f5b779893793a,Event Title 1614,education,Hawassa,False
22c965e1a995e3e4d146dcfc,Event Title 1615,sports,Bahir Dar,True
39485d565a32cb2131ebce38,Event Title 1616,education,Bahir Dar,False
e622cb9e90fc4ea555178447,Event Title 1617,music,Mekelle,True
894b63879caf6bdd97ad74d8,Event Title 1618,sports,Mekelle,False
044e7ed5d68e564a21d3748a,Event Title 1619,education,Hawassa,False
77e1e7c34ee01c96a9d4e4f8,Event Title 1620,art,Mekelle,False
ed2dd602df143b8b8a9360e8,Event Title 1621,tech,Mekelle,False
ee193b00b9d68d5d2941adef,Event Title 1622,music,Addis Ababa,True
b4368c868d451be693a4d99f,Event Title 1623,art,Bahir Dar,True
fc8b691969b13b5de42d5ce9,Event Title 1624,education,Hawassa,False
d6383fe6a49e7550eaf7c0ed,Event Title 1625,sports,Addis Ababa,True
28608b9cbd035e01aa8b4e1e,Event Title 1626,sports,Hawassa,True
61f52af53db0777c4a07bda6,Event Title 1627,music,Bahir Dar,False
c9e86b1df0057a47078b9cf7,Event Title 1628,music,Bahir Dar,False
a414c031eb0551566e63f354,Event Title 1629,education,Bahir Dar,False
b1fd9e9eeaae87f3783f71f4,Event Title 1630,education,Bahir Dar,False
7ea8dfcb9b88282086c82303,Event Title 1631,music,Mekelle,True
6b87697c16481c19c2257164,Event Title 1632,education,Hawassa,False
ecd71ecc6369d48374c584a2,Event Title 1633,education,Addis Ababa,True
6c9165defd4bf72d61df1d8c,Event Title 1634,tech,Bahir Dar,False
b254b2981630ed11747dca21,Event Title 1635,tech,Bahir Dar,False
767666fee80bdb975177b942,Event Title 1636,education,Bahir Dar,False
3db051b96e262fc5be7d6a0e,Event Title 1637,art,Addis Ababa,True
dd0aa4d23429a8e7b3aaecf8,Event Title 1638,education,Addis Ababa,False
49d76f2cf739a77d21fb13a6,Event Title 1639,education,Addis Ababa,True
673f79b048f80077b85943c0,Event Title 1640,art,Bahir Dar,True
6a3cefe3a19bc435f4326c1c,Event Title 1641,education,Bahir Dar,True
54222c13a8723a4b9cc1c029,Event Title 1642,tech,Mekelle,True
0c7c56e0ee31a5a04b8e9c2f,Event Title 1643,art,Bahir Dar,False
f6bb743c88ca1aaeb27c4965,Event Title 1644,sports,Mekelle,True
a911381bf66cf1041649c30d,Event Title 1645,music,Hawassa,False
476bcaea024b233a317cb928,Event Title 1646,education,Mekelle,False
bdf031807d26c90d74f3a7bf,Event Title 1647,art,Bahir Dar,True
fd4025a336c4e3f6c2b4e26b,Event Title 1648,tech,Bahir Dar,True
a082b0630f629eae5a0be2eb,Event Title 1649,art,Mekelle,False
f081c61a3056c06bf31a5493,Event Title 1650,art,Addis Ababa,False
8f9840f867555e5db7ad91e2,Event Title 1651,art,Addis Ababa,True
f3cd4698f91b0eeff1c2e5ef,Event Title 1652,music,Mekelle,True
b5a9cf4ab114ad1a5f35744a,Event Title 1653,education,Hawassa,True
7474a12bc059a122697495d8,Event Title 1654,art,Mekelle,False
1682a29ee02891a7149e931c,Event Title 1655,tech,Hawassa,True
4c612072be6473ef6629c616,Event Title 1656,sports,Bahir Dar,True
170042d7d855ed61501d436e,Event Title 1657,education,Addis Ababa,True
61efc8b2e6c34e5ac1ddb3ee,Event Title 1658,sports,Addis Ababa,False
349cfc0abc3c9edbd089da06,Event Title 1659,art,Mekelle,False
ca602f12f02fafa8b0af164e,Event Title 1660,music,Bahir Dar,True
c9be90211bdbc111632f622c,Event Title 1661,sports,Addis Ababa,False
61cafd286383893a04f56103,Event Title 1662,sports,Bahir Dar,True
db32c870ee249dca22d974ba,Event Title 1663,sports,Addis Ababa,True
17317276df15c69607094114,Event Title 1664,tech,Bahir Dar,False
ab22e12db36769929c0faf90,Event Title 1665,sports,Addis Ababa,False
93c7edf6a776c69416e27dfa,Event Title 1666,education,Addis Ababa,True
8366e046da7bb039d89e0113,Event Title 1667,sports,Bahir Dar,True
659aede338767ebd1bb63b83,Event Title 1668,education,Bahir Dar,False
b0ec4e3441f0fd4fce539154,Event Title 1669,art,Mekelle,True
9cd264a26b9daa38283a0c55,Event Title 1670,education,Mekelle,False
89a90d47f1c498562d5e57c8,Event Title 1671,music,Addis Ababa,False
d73f69b652c8b52c7c40e798,Event Title 1672,education,Addis Ababa,False
82245b965ece07bbaa2abb1f,Event Title 1673,tech,Mekelle,True
1805d8a4580ce806cb9ae92b,Event Title 1674,art,Hawassa,False
15520a77ecce1e6be2f9be00,Event Title 1675,education,Mekelle,True
ac4a31a1f39690460aaffb14,Event Title 1676,sports,Bahir Dar,True
14bea64c1f55ab6547cbbd01,Event Title 1677,art,Mekelle,False
9c83d56eec4554fab961279f,Event Title 1678,sports,Hawassa,False
7e9a18c39160adc19e7fabc7,Event Title 1679,art,Hawassa,False
9647c9acfc190c01b6ab22ed,Event Title 1680,sports,Bahir Dar,False
7ca341e38fd59920d98f5ccf,Event Title 1681,sports,Hawassa,False
202473c839fe8f0580b6baa1,Event Title 1682,sports,Hawassa,False
cd81dcca23ef1f19070efe9c,Event Title 1683,tech,Hawassa,False
9cab1c87c7738f5cf0a72fc8,Event Title 1684,tech,Addis Ababa,True
40c218def00ab071751b7d70,Event Title 1685,tech,Addis Ababa,True
00f4d8bb9a60c24850d2074d,Event Title 1686,music,Addis Ababa,True
6c59ddb9e957ffe0dd3ef475,Event Title 1687,art,Addis Ababa,True
d5b82a85b38e19951b4ecd4c,Event Title 1688,education,Mekelle,False
1eab27578ad22465f99aedaf,Event Title 1689,sports,Hawassa,True
98deb6d0b9b7e388e8c47d6d,Event Title 1690,sports,Addis Ababa,False
0c580e4efbb3c6f3659faeec,Event Title 1691,tech,Mekelle,True
fe16136a2503e33ea7ba617e,Event Title 1692,music,Mekelle,True
8e28fbe1f33474ded3131edd,Event Title 1693,music,Bahir Dar,True
3dd8818a41d40c162e0405c7,Event Title 1694,tech,Addis Ababa,False
3772f8b5ec80294361896444,Event Title 1695,tech,Hawassa,True
ee8a6fd7db3b77b59876f290,Event Title 1696,music,Hawassa,True
9dbe5233ea70d5e691226741,Event Title 1697,music,Mekelle,True
d466a46eec33d319805f7fa2,Event Title 1698,tech,Hawassa,True
0071b79639330a70b85ac1b9,Event Title 1699,education,Mekelle,False
334e77a87c1f08e187f2477f,Event Title 1700,tech,Hawassa,True
d44019c95bdc5e427ef2d242,Event Title 1701,education,Addis Ababa,False
253517e5d6df5825d1ac6189,Event Title 1702,education,Bahir Dar,False
f2b7e936184d82c61f2ff10d,Event Title 1703,art,Mekelle,True
0d37f3005362c84f282d0ae8,Event Title 1704,sports,Bahir Dar,False
399a3199da6649320b705448,Event Title 1705,sports,Bahir Dar,False
a50a4ac3111e5c5c6f4b8a21,Event Title 1706,tech,Addis Ababa,True
bfbc0df25307423aa320a963,Event Title 1707,tech,Bahir Dar,True
42ef5b36ff42f868d4203f35,Event Title 1708,music,Addis Ababa,False
7fbed5453a9a7c83f89254c2,Event Title 1709,art,Mekelle,False
5b7afeef74c768932aff1545,Event Title 1710,tech,Bahir Dar,True
f2e03b2d82bf75a2af83cb2c,Event Title 1711,sports,Bahir Dar,False
6f63149254a00bc7e087a049,Event Title 1712,sports,Bahir Dar,False
efb4db4359ea97c67f7e0eaf,Event Title 1713,education,Mekelle,False
21082e38faad526c561c8078,Event Title 1714,art,Hawassa,False
6506a4b02b8cbdbb8f45e312,Event Title 1715,sports,Hawassa,False
6fac79f4f64fb8858d559d43,Event Title 1716,education,Bahir Dar,False
11ee1b22f608e274093f4988,Event Title 1717,art,Mekelle,False
1e2f5dbe83cc0452b2953991,Event Title 1718,music,Addis Ababa,True
7acad22f5087199350d13ce7,Event Title 1719,art,Addis Ababa,True
a5d4f1640f37eed5530d1845,Event Title 1720,art,Addis Ababa,True
b2072219a095a261eef6acb7,Event Title 1721,music,Addis Ababa,True
259d7b03538d0c804c3c5e5c,Event Title 1722,sports,Hawassa,True
f6dd7ca9f641110a95de7315,Event Title 1723,education,Mekelle,False
dfe1a42a8dbc614bba065a28,Event Title 1724,art,Mekelle,False
4cb94e5d0a6a301f1f23530a,Event Title 1725,music,Mekelle,True
dc90c575543561ce8dadfa23,Event Title 1726,music,Bahir Dar,True
1701a5096d87654a7c449008,Event Title 1727,art,Hawassa,True
0600fe26246f44dc8c703d00,Event Title 1728,tech,Mekelle,True
3d1ec7414838be38b22f3bc2,Event Title 1729,sports,Hawassa,False
f02bf515fad3d491845a6f27,Event Title 1730,art,Bahir Dar,False
668b018828c81a8b305701fc,Event Title 1731,music,Mekelle,True
ccd51bb2ae3fc82a51f07d07,Event Title 1732,education,Mekelle,False
0d081042f872b8922a307ff7,Event Title 1733,sports,Hawassa,True
9c8389a8262ee2095bfee111,Event Title 1734,art,Hawassa,False
93c519bdc26b4bba0703a44f,Event Title 1735,sports,Bahir Dar,True
a75195accab15f647d7729c8,Event Title 1736,art,Bahir Dar,True
ed9ee4ee6f032948539dd160,Event Title 1737,education,Addis Ababa,False
110b6ac488561295e7b7b233,Event Title 1738,art,Hawassa,True
359a70cae57c5178dccb765d,Event Title 1739,music,Addis Ababa,False
65cc4dc8de8d8927c179ae5e,Event Title 1740,tech,Mekelle,False
4678b26cc72f61fec9c33f6d,Event Title 1741,sports,Addis Ababa,True
f47a58d72b1e5e730f334d8e,Event Title 1742,art,Mekelle,True
c4f39fcf34ff866cd70516a7,Event Title 1743,sports,Mekelle,True
2dcf0722214dab40dbfdc1d7,Event Title 1744,tech,Hawassa,False
faa8c91b93739cc303c9b975,Event Title 1745,education,Hawassa,False
217b775dfffbb46dac83ea18,Event Title 1746,sports,Addis Ababa,False
98c070363ecbf7e8d2a38088,Event Title 1747,sports,Hawassa,False
6c1bee7e740e11b41e438e31,Event Title 1748,music,Bahir Dar,True
73a4c4809b9f5ce78edbbc0d,Event Title 1749,education,Addis Ababa,True
95b932c6189ec5e3b50864ed,Event Title 1750,education,Hawassa,False
e30723bed6ea9b390c406286,Event Title 1751,sports,Addis Ababa,True
4663c006c951c8e059a60472,Event Title 1752,tech,Mekelle,False
02f2e894824bacd2e4e89981,Event Title 1753,sports,Addis Ababa,False
2eda5942e9192f631f52bea6,Event Title 1754,sports,Hawassa,True
e62eb70309540cd4daa7e47e,Event Title 1755,sports,Bahir Dar,False
4ba9f3e396d1a5e64f9bee0f,Event Title 1756,tech,Addis Ababa,False
027466a7d727be371e7b437d,Event Title 1757,tech,Addis Ababa,False
dcd081e8a9d5a071e067b962,Event Title 1758,tech,Bahir Dar,False
a2b15ae1ac512abc59090baa,Event Title 1759,education,Hawassa,False
be84ced837532144483a5f28,Event Title 1760,music,Mekelle,False
b16627042cd0e7d93a748db4,Event Title 1761,art,Hawassa,False
de11e5487286058757e174b9,Event Title 1762,art,Mekelle,True
f6343090df70f8fe6fb10243,Event Title 1763,tech,Bahir Dar,True
948b9dbcbe722695783e098f,Event Title 1764,education,Mekelle,False
dbf185640f0ddb27920ba125,Event Title 1765,tech,Hawassa,True
3783855660ecb3a70b69feb9,Event Title 1766,music,Addis Ababa,False
129ee2af6ca3bcff4a902812,Event Title 1767,art,Addis Ababa,True
8b14e59be1ba6929e11251b0,Event Title 1768,education,Hawassa,False
0ade3b2f78ed9134e6011b9c,Event Title 1769,music,Mekelle,True
b44b79a8ca966bf1c2f8fd32,Event Title 1770,sports,Addis Ababa,False
73b8a061cb979e26536d4eaa,Event Title 1771,art,Hawassa,True
ba1572b08a575bbfdb00e7b2,Event Title 1772,art,Bahir Dar,True
7b358be8304e0715fe96378c,Event Title 1773,education,Mekelle,True
283c45cfe11dca310485bb0d,Event Title 1774,sports,Hawassa,True
68227bfd6792d06237150d54,Event Title 1775,education,Bahir Dar,False
2e5ee4d8aa1006bd335ecdc5,Event Title 1776,education,Addis Ababa,True
d9634e04a364c332fe2f07b7,Event Title 1777,art,Mekelle,True
913cfe218b22a29547cc11b1,Event Title 1778,art,Bahir Dar,True
23339eaa0366fa2b05fff244,Event Title 1779,education,Hawassa,True
2f66850ab40ea7cd17f71863,Event Title 1780,music,Hawassa,True
717147376967b36074ad7b0e,Event Title 1781,art,Mekelle,False
9b58c651752389177acbdb7b,Event Title 1782,education,Bahir Dar,True
b833d3f32da23f593f2a1748,Event Title 1783,art,Mekelle,False
2074962ccc1eba78c704d960,Event Title 1784,tech,Mekelle,False
e47eb5fde849d6fd6d494a7f,Event Title 1785,music,Bahir Dar,True
c9880fb17515d87734de51cb,Event Title 1786,music,Addis Ababa,False
e9438d1df8d901b0f3d93fe4,Event Title 1787,music,Bahir Dar,False
1a1c65c1c5d04d26791305d8,Event Title 1788,tech,Bahir Dar,True
d6f8618009f8690888f3c4ef,Event Title 1789,sports,Mekelle,True
aa30d1cc6e9cb38a5daac60b,Event Title 1790,sports,Mekelle,False
1909b81ac2ac1519d47bea75,Event Title 1791,sports,Mekelle,False
08fd9a1054cd687c525377b1,Event Title 1792,sports,Hawassa,False
8e81d62eaf15afa33e2c60cd,Event Title 1793,sports,Bahir Dar,True
1de20048b580afbe248dd0a0,Event Title 1794,tech,Bahir Dar,False
99e8ec07711ec8f5f180534a,Event Title 1795,tech,Bahir Dar,True
ecad31d3fd96043d9bb9299a,Event Title 1796,sports,Mekelle,False
152530a6f82cc2212779ec17,Event Title 1797,education,Mekelle,False
faedb1bdc27c5b5173d754b0,Event Title 1798,tech,Hawassa,True
5f230ffd7d161274a6b6e6fa,Event Title 1799,education,Mekelle,False
c9aead0cbc1325fed5f199a4,Event Title 1800,music,Hawassa,False
1148e1bb25cfc724a1cdaeae,Event Title 1801,education,Hawassa,False
62f3ce5b6d7f022933c17cad,Event Title 1802,art,Bahir Dar,False
6828d47277d1eba20f7d24c4,Event Title 1803,music,Hawassa,False
f3ee94f05c597eeee3db8679,Event Title 1804,tech,Mekelle,False
0bdc6e75777997ed0e1244cf,Event Title 1805,sports,Hawassa,True
eb917f65c694314a263673d6,Event Title 1806,sports,Hawassa,False
15e73aeb5c689e5f3177502d,Event Title 1807,sports,Bahir Dar,False
ab980efca22f316d8e2d1145,Event Title 1808,tech,Bahir Dar,True
ae89275b7b1759182be49878,Event Title 1809,sports,Hawassa,True
4cd64f64b3cbe10ad9b17734,Event Title 1810,education,Bahir Dar,False
f25ce9ee1b48832a792b0b5d,Event Title 1811,music,Addis Ababa,False
4fbe3066ea7e95a5b9a5c751,Event Title 1812,education,Addis Ababa,False
305b03dccdfdd02f2db8c8ec,Event Title 1813,music,Mekelle,False
78fa40d8824ffdc01d4db5cb,Event Title 1814,music,Bahir Dar,True
e47ab2253232954a58ea9c5d,Event Title 1815,art,Mekelle,False
01d695ee13d7dea1a2ffac29,Event Title 1816,tech,Mekelle,False
6ecdac520393b00d0036af66,Event Title 1817,art,Hawassa,True
12458a2492cc8091719a38bc,Event Title 1818,music,Mekelle,False
0cbfd05b34eeb25cdaa9bb03,Event Title 1819,art,Hawassa,True
9870a7ef8598cc02724ff205,Event Title 1820,sports,Mekelle,False
344b910b233f9622c01970a4,Event Title 1821,tech,Bahir Dar,True
90fd6e98dcb1f9e13ece22bf,Event Title 1822,art,Mekelle,True
5fe53fcd33701709fecf4e14,Event Title 1823,music,Bahir Dar,True
29bdfc4b0799d19e2fb9f7fe,Event Title 1824,education,Bahir Dar,True
4619294d2317296d7a0e830d,Event Title 1825,art,Hawassa,True
fcdf58f28525206ef8505ffb,Event Title 1826,education,Hawassa,False
16695145f6ee6c19d38f603e,Event Title 1827,tech,Mekelle,False
f0649e1067632a66c2ed9505,Event Title 1828,education,Mekelle,True
a0e4bf7e0a052035b99dce42,Event Title 1829,tech,Hawassa,True
fd76ed641a957e9537c22456,Event Title 1830,education,Hawassa,True
bf0f2ddcfbd62d068c301316,Event Title 1831,education,Mekelle,False
d2296c8cbb59f7a8b9f0f395,Event Title 1832,tech,Bahir Dar,True
487fecb37511209aca7c8582,Event Title 1833,tech,Mekelle,True
30ca6193ac86fcbc035ade64,Event Title 1834,art,Hawassa,True
577db4da6b98081b6f143285,Event Title 1835,education,Hawassa,True
3b01255cfddde9e1227c7b16,Event Title 1836,education,Mekelle,True
fcc018de3913da56f76e9ef9,Event Title 1837,tech,Mekelle,False
84d61f98d1a3d25b5cf2392c,Event Title 1838,art,Addis Ababa,False
bf24b20c35cebc3dce35110f,Event Title 1839,education,Hawassa,True
e66ef91f49528a6b94b37e0e,Event Title 1840,education,Mekelle,True
c4aba3f596f0e25ea47aacc4,Event Title 1841,music,Mekelle,False
a692134aaf1e500e4458fcfe,Event Title 1842,sports,Addis Ababa,True
a5e2c93278d4b7fd8b9f9429,Event Title 1843,music,Mekelle,True
f86b3f90c3e2c04628484487,Event Title 1844,art,Hawassa,True
c731d4a4107fc294c384ffaf,Event Title 1845,art,Bahir Dar,True
a2b153b51c698e46accdd3a7,Event Title 1846,art,Hawassa,False
2d8bbae955fe25ab7e997e8c,Event Title 1847,music,Mekelle,False
bf9f05b0dcb00cdbcbe3aab7,Event Title 1848,music,Addis Ababa,True
54ad59a8de3ded42fe20a018,Event Title 1849,education,Mekelle,False
8d9f54cabfe0bd67d94a9725,Event Title 1850,sports,Addis Ababa,False
659ab4b2e3f17c21cd3fe5ee,Event Title 1851,tech,Hawassa,True
b8fc949e0ffc5b917f1e6362,Event Title 1852,art,Hawassa,False
37ecf17153f2a098a8f89c5f,Event Title 1853,music,Mekelle,True
672b5ac8261676f8d2a4e07a,Event Title 1854,music,Addis Ababa,False
078404d059bb25ff20d42b74,Event Title 1855,sports,Mekelle,True
883db3b4be4a861a6b9ae6cf,Event Title 1856,tech,Hawassa,True
91295d7813b206d96a5a1428,Event Title 1857,sports,Hawassa,True
fe0deb45942a2df1b49b7243,Event Title 1858,art,Addis Ababa,False
b7f50800c48191ff44fc73c9,Event Title 1859,art,Hawassa,False
a60fc94ec5bf228e32424fd4,Event Title 1860,sports,Mekelle,True
7c20e613b99d6d4fdf37139f,Event Title 1861,tech,Mekelle,False
e15d67e3a39ba07d043d7934,Event Title 1862,art,Hawassa,True
3ca11b83c4f07a1e63ea3a69,Event Title 1863,music,Hawassa,True
327c59fb51c9357d461cae2e,Event Title 1864,art,Bahir Dar,True
792dc74b056419043549bdbb,Event Title 1865,art,Addis Ababa,True
9eb74fbb25b30783ee45d007,Event Title 1866,education,Mekelle,True
9cb124bf450b5a6913010052,Event Title 1867,art,Hawassa,False
9560b197b12fe02ecc1e3d4e,Event Title 1868,sports,Mekelle,False
38a72e8e545f6f0c095c0c4f,Event Title 1869,art,Mekelle,True
79c65f00b5a9e1429dc5b69d,Event Title 1870,art,Hawassa,True
2380f25572632b61640b425e,Event Title 1871,sports,Hawassa,True
5c0aa6a84e742650817c6c30,Event Title 1872,art,Bahir Dar,False
111bad17f31add46bc4cd57c,Event Title 1873,education,Mekelle,False
13e36832975e9a7845bb9f53,Event Title 1874,art,Bahir Dar,False
e6305c4bc12bdc79b6851aa8,Event Title 1875,tech,Hawassa,False
2495f147620d68e5fadd93f3,Event Title 1876,music,Mekelle,False
b701e80af1b6c2855d874710,Event Title 1877,music,Bahir Dar,False
49ee4570463b27b8cd22a2d3,Event Title 1878,art,Addis Ababa,False
2724ea04d44affa84f2948b9,Event Title 1879,art,Addis Ababa,True
558df4674373081cc1b53c10,Event Title 1880,art,Mekelle,True
0eb8445f5c52cd77acff43fd,Event Title 1881,music,Bahir Dar,True
4979da35327cd552564e338e,Event Title 1882,sports,Hawassa,False
cec5a6306442a575b466984e,Event Title 1883,tech,Mekelle,True
60e9cc8ef53f321400f44046,Event Title 1884,sports,Hawassa,False
bd7e96382c83402c13579e77,Event Title 1885,art,Mekelle,False
dbec11ebe7c2041f79b10205,Event Title 1886,sports,Bahir Dar,False
b96c7009cb6ebf594b15c08f,Event Title 1887,art,Addis Ababa,False
05fe4c71c8e50cefe27e8cbb,Event Title 1888,sports,Bahir Dar,True
81c348e604ad30b49624c6d7,Event Title 1889,education,Mekelle,False
a52e87571c720e8baad69566,Event Title 1890,education,Hawassa,False
52a04992c75acd558d3c31ef,Event Title 1891,education,Mekelle,True
749e1750145ccc2935b014ec,Event Title 1892,tech,Hawassa,False
42d3b8c35236b11f69a36825,Event Title 1893,music,Addis Ababa,False
ba1115b42057bccd0964ba58,Event Title 1894,education,Bahir Dar,True
7ce8481f2391ba2c64f1f456,Event Title 1895,education,Bahir Dar,False
68c5018110bcae1cb9ec8e70,Event Title 1896,sports,Mekelle,False
a958afe24f9b639b58688d02,Event Title 1897,art,Addis Ababa,True
63a63901807f4682a05cfb71,Event Title 1898,tech,Hawassa,True
db2b8e578b9bc34cb210e51a,Event Title 1899,education,Addis Ababa,True
bf9ceab14455f54d21ddf7a8,Event Title 1900,art,Addis Ababa,True
fdbadd338f78ba67ef728f81,Event Title 1901,sports,Bahir Dar,True
93a28a6afa78e067c55ea4a9,Event Title 1902,sports,Addis Ababa,True
f01907bf44fe1087e4c9be0e,Event Title 1903,tech,Hawassa,True
345c8e3844301e78ca5ca106,Event Title 1904,tech,Bahir Dar,True
3d0eac6b1b322f6ed289b6a7,Event Title 1905,education,Addis Ababa,False
1fe58b8003c765ee504e89e2,Event Title 1906,tech,Mekelle,False
5e809ad95870df6a7368574b,Event Title 1907,tech,Mekelle,False
d3a1d22b67ec72f78309120a,Event Title 1908,sports,Mekelle,False
37974f972d0d19bd26d6caa7,Event Title 1909,art,Mekelle,True
705e8c48a1712ad4a5be02c1,Event Title 1910,tech,Hawassa,False
ff5ddb9f4bf66ad9325126d8,Event Title 1911,sports,Hawassa,True
9a76418f4759b25e81bbb5a8,Event Title 1912,education,Hawassa,True
1993b7385b1f6fc70fbf002b,Event Title 1913,education,Addis Ababa,False
83d58d31a828071fff5341ca,Event Title 1914,art,Hawassa,False
bf8dc43cd67cdb8da856afb9,Event Title 1915,music,Mekelle,False
c20d993921e3c44dd8865a95,Event Title 1916,sports,Mekelle,True
3a5cca43bad65401687cf2ce,Event Title 1917,education,Mekelle,True
72a5d4c44bf8e10567a29b67,Event Title 1918,music,Mekelle,False
4b834c926817299f204294a6,Event Title 1919,education,Hawassa,False
2b7950a2bfad5dfca49e800c,Event Title 1920,sports,Hawassa,False
e167f78fdd166bf06f811a18,Event Title 1921,art,Bahir Dar,False
a32d392c2568accb1e0f8c61,Event Title 1922,art,Bahir Dar,True
eea08b5987722b3d5aed8f3d,Event Title 1923,tech,Mekelle,True
2efd75eec219bbcd22baaf8c,Event Title 1924,music,Hawassa,False
03bb7075556941cf33657478,Event Title 1925,music,Mekelle,True
b3c324dc963931f32b63aafa,Event Title 1926,sports,Bahir Dar,False
ddf95a48ed371dd09497173d,Event Title 1927,sports,Mekelle,False
fb65630a12ed70af23e4075f,Event Title 1928,music,Mekelle,True
4139f527239eb63ba2091728,Event Title 1929,education,Hawassa,True
b7c611c04c9405b67e401344,Event Title 1930,sports,Addis Ababa,True
90487eb6dd064e31e3f3ed24,Event Title 1931,tech,Bahir Dar,False
df3eb78a869cad86ee8c3ed2,Event Title 1932,sports,Addis Ababa,False
3e440ae01d8cde9377e773da,Event Title 1933,music,Bahir Dar,True
ad337471e67352b2cabc952c,Event Title 1934,tech,Hawassa,False
697cad9b9f4ba00215969ef5,Event Title 1935,tech,Mekelle,False
1fed23e19c6bdfd27645da03,Event Title 1936,art,Hawassa,False
51fe92fd1bd84d1b0a6e2570,Event Title 1937,education,Hawassa,True
fdf34aca68caa62e3804abe0,Event Title 1938,sports,Bahir Dar,False
1158e8482a2c6e050d4c1dcc,Event Title 1939,art,Hawassa,True
e5c611646f65100ca71c857a,Event Title 1940,tech,Mekelle,False
b8a7b4dc2e8d374b65701fcc,Event Title 1941,art,Mekelle,False
1afbee62e8cf279aff86fa10,Event Title 1942,art,Mekelle,False
60a80e6f4dc3011dd39fc1f4,Event Title 1943,sports,Hawassa,True
0a07d2391604a33a2999a217,Event Title 1944,art,Bahir Dar,True
51d8ad4351d58c1bd40015b7,Event Title 1945,education,Mekelle,False
d6b5757a3ec1d26fa92b9d36,Event Title 1946,sports,Hawassa,False
9b888a8642e0ee69836c94ce,Event Title 1947,sports,Mekelle,True
a222104b78d3a764f64d24dd,Event Title 1948,tech,Addis Ababa,True
50ce7c476f6986b1f6cc50aa,Event Title 1949,music,Mekelle,True
3948d1631632c8f2484133dd,Event Title 1950,education,Addis Ababa,True
e101eea18fa14ed06fb02569,Event Title 1951,education,Bahir Dar,False
e0b086773886ec29deda2507,Event Title 1952,education,Mekelle,True
3ff8989c3929861f0984405f,Event Title 1953,music,Bahir Dar,True
37c35c4135b0950b1541a338,Event Title 1954,tech,Addis Ababa,True
49c06d6138f2a1a58140bc38,Event Title 1955,music,Hawassa,True
2b7ee7fd85856d8db43b1cab,Event Title 1956,art,Mekelle,True
d3112c8a1bc2c1a678e99bfe,Event Title 1957,tech,Bahir Dar,False
7e653272af54f5e26efdf96c,Event Title 1958,sports,Mekelle,False
c0825033c65d2b1b82dc5786,Event Title 1959,education,Mekelle,False
0032b6c9923ce933fa09f596,Event Title 1960,education,Mekelle,True
cff414a06e9107340d1969cb,Event Title 1961,education,Addis Ababa,True
f15ef7e6deaa7929d23025ed,Event Title 1962,education,Mekelle,False
d755f127fc6047fdb836e112,Event Title 1963,tech,Bahir Dar,False
ee829cd8946c52836cfb9138,Event Title 1964,art,Hawassa,True
0ec208d98d33598c85421e4d,Event Title 1965,music,Addis Ababa,True
d3e641029aeb782088895312,Event Title 1966,art,Addis Ababa,False
91a398cbf9f0fbb2d175d7fc,Event Title 1967,art,Addis Ababa,True
c1e10e339557a36791fb2e27,Event Title 1968,art,Addis Ababa,True
8deaea28d85e98c6b35c9a66,Event Title 1969,sports,Bahir Dar,False
1f7d141ab80ed48d7c519cea,Event Title 1970,music,Bahir Dar,False
29cb6dd0cd2161e553977b86,Event Title 1971,music,Mekelle,True
83ee21e4ed0e909cdd294892,Event Title 1972,tech,Mekelle,True
a085b9829217fa9fd4ce4d27,Event Title 1973,education,Addis Ababa,True
9522a78b9fcd8a21b54187d1,Event Title 1974,education,Hawassa,False
674b841d42fd41348f4810af,Event Title 1975,tech,Bahir Dar,False
d5c7f76dc44c396cbcab3be9,Event Title 1976,education,Addis Ababa,True
e8d6f3784b5e7d72765ebd48,Event Title 1977,education,Hawassa,True
20981b17df54a5c4e8b1cf4c,Event Title 1978,sports,Mekelle,False
d81e8ac1c20d31cef3d5b1e0,Event Title 1979,sports,Mekelle,False
aeb7229e2544a9562107753b,Event Title 1980,art,Hawassa,True
c08c3e065117ed3c74fe356c,Event Title 1981,music,Addis Ababa,True
208bb0f02c8c92550a4434c3,Event Title 1982,music,Mekelle,False
aae4c441d1588f0a4a0759a3,Event Title 1983,sports,Bahir Dar,False
c2d1144687e6d072c90acf07,Event Title 1984,education,Mekelle,False
f54c4cd9926690fefd79d007,Event Title 1985,music,Mekelle,True
2ac35d164e7043a37e0fe0b8,Event Title 1986,music,Hawassa,True
f637d85d8d4b62d6b28e0fdb,Event Title 1987,sports,Bahir Dar,False
0fb884b674e16e37dceb0f7b,Event Title 1988,sports,Bahir Dar,True
e754e59bb0baf2fcf9417e32,Event Title 1989,sports,Bahir Dar,True
ec29d896ac3c380902567662,Event Title 1990,education,Bahir Dar,False
33bdc98bb1e11d367e3f8e3d,Event Title 1991,tech,Addis Ababa,True
c67bff1be8522f5dc233ba86,Event Title 1992,tech,Hawassa,False
c7facaf2e88d36c35c6a8959,Event Title 1993,art,Bahir Dar,False
48ec722b0e59bdca010da9e6,Event Title 1994,music,Hawassa,True
4ba1d6f41e3d1d36e8284bee,Event Title 1995,education,Mekelle,False
de7a4af0936112881552ea58,Event Title 1996,sports,Bahir Dar,False
8cb02e5a71bc710d6810182d,Event Title 1997,sports,Bahir Dar,True
be41b7173c4a1328b0fa4374,Event Title 1998,tech,Bahir Dar,True
50c3a4d1d6ca35efd7561645,Event Title 1999,education,Bahir Dar,True
810e4bf95ba0237198314382,Event Title 2000,education,Bahir Dar,False
